21,4157,12,20618.41,1,5,5,11,Loyal
68,4270,10,54091.64,1,5,5,11,Loyal
94,4090,14,33993.5,1,5,5,11,Loyal
102,4388,15,27192.11,1,5,5,11,Loyal
117,4072,10,8485.67,1,5,5,11,Loyal
272,4088,19,34482.36,1,5,5,11,Loyal
308,4130,21,89269.7,1,5,5,11,Loyal
478,4360,10,25327.11,1,5,5,11,Loyal
491,4217,11,40870.86,1,5,5,11,Loyal
553,4282,16,81296.39,1,5,5,11,Loyal
604,4159,11,8451.37,1,5,5,11,Loyal
607,4173,12,32848.53,1,5,5,11,Loyal
640,4378,16,69118,1,5,5,11,Loyal
691,4181,12,5392.54,1,5,5,11,Loyal
693,4201,10,16355.43,1,5,5,11,Loyal
698,4325,11,16510.38,1,5,5,11,Loyal
699,4085,26,43229.86,1,5,5,11,Loyal
894,4072,13,16613.07,1,5,5,11,Loyal
949,4126,11,21150.64,1,5,5,11,Loyal
1060,4093,11,20795.51,1,5,5,11,Loyal
1104,4109,11,26259.68,1,5,5,11,Loyal
1106,4140,17,34934.86,1,5,5,11,Loyal
1129,4392,18,23082.56,1,5,5,11,Loyal
1193,4194,27,32893.42,1,5,5,11,Loyal
1217,4124,10,14761.61,1,5,5,11,Loyal
1228,4400,15,43039.98,1,5,5,11,Loyal
1314,4152,17,29246.3,1,5,5,11,Loyal
1340,4092,11,11516.76,1,5,5,11,Loyal
1402,4072,16,27949.33,1,5,5,11,Loyal
1413,4097,17,27349.55,1,5,5,11,Loyal
1416,4306,11,3035.42,1,5,5,11,Loyal
1682,4088,10,14221.68,1,5,5,11,Loyal
1723,4339,18,32612.31,1,5,5,11,Loyal
1745,4080,16,38105.95,1,5,5,11,Loyal
1778,4118,11,8658.37,1,5,5,11,Loyal
1796,4081,15,19331.3,1,5,5,11,Loyal
1821,4230,17,18390.46,1,5,5,11,Loyal
1959,4138,17,40107.91,1,5,5,11,Loyal
1999,4095,19,61610.6,1,5,5,11,Loyal
2006,4322,12,5620.84,1,5,5,11,Loyal
2007,4104,12,8049.95,1,5,5,11,Loyal
2107,4072,22,83651.7,1,5,5,11,Loyal
2190,4207,11,24607.72,1,5,5,11,Loyal
2330,4134,10,3289.52,1,5,5,11,Loyal
2382,4206,10,26406.82,1,5,5,11,Loyal
2403,4145,12,47971.14,1,5,5,11,Loyal
2491,4175,22,55241.63,1,5,5,11,Loyal
2498,4306,12,25159.44,1,5,5,11,Loyal
2548,4135,16,14226.24,1,5,5,11,Loyal
2571,4134,13,86540.75,1,5,5,11,Loyal
2593,4140,10,5743.18,1,5,5,11,Loyal
2618,4171,11,7024.7,1,5,5,11,Loyal
2645,4242,10,20268.54,1,5,5,11,Loyal
2670,4086,10,36325.04,1,5,5,11,Loyal
2867,4287,10,61298.98,1,5,5,11,Loyal
2882,4197,21,33908.18,1,5,5,11,Loyal
3004,4089,11,24346.66,1,5,5,11,Loyal
3011,4139,12,36337.89,1,5,5,11,Loyal
3075,4122,16,123745.62,1,5,5,11,Loyal
3079,4113,20,43756.19,1,5,5,11,Loyal
3151,4192,16,14578.63,1,5,5,11,Loyal
3251,4055,14,29810.78,1,5,5,11,Loyal
3289,4180,12,11485.6,1,5,5,11,Loyal
49,4153,8,1769.3,1,4,5,10,Loyal
56,4070,8,10245,1,4,5,10,Loyal
84,4160,7,16700.95,1,4,5,10,Loyal
91,4543,7,4596,1,4,5,10,Loyal
152,4345,7,4048.48,1,4,5,10,Loyal
181,4076,8,14021.56,1,4,5,10,Loyal
198,4070,8,16626.23,1,4,5,10,Loyal
210,4504,7,2534.85,1,4,5,10,Loyal
211,4116,7,3746.9,1,4,5,10,Loyal
251,4098,7,7997.76,1,4,5,10,Loyal
256,4288,7,1327.83,1,4,5,10,Loyal
263,4205,8,4924.94,1,4,5,10,Loyal
269,4621,7,3553.3,1,4,5,10,Loyal
287,4410,8,1178.49,1,4,5,10,Loyal
307,4130,7,5013.13,1,4,5,10,Loyal
336,4462,8,13983.92,1,4,5,10,Loyal
342,4126,7,23628.97,1,4,5,10,Loyal
349,4454,8,58947.41,1,4,5,10,Loyal
351,4454,7,15351.99,1,4,5,10,Loyal
373,4362,8,21009,1,4,5,10,Loyal
381,4475,7,3428.72,1,4,5,10,Loyal
388,4167,7,2975.96,1,4,5,10,Loyal
453,4072,8,4902.78,1,4,5,10,Loyal
454,4206,7,4269.84,1,4,5,10,Loyal
540,4219,7,13703.35,1,4,5,10,Loyal
556,4282,9,5123.89,1,4,5,10,Loyal
563,4102,8,22226.23,1,4,5,10,Loyal
568,4092,7,6794.35,1,4,5,10,Loyal
576,4350,7,1644.34,1,4,5,10,Loyal
592,4848,7,6247.07,1,4,5,10,Loyal
609,4175,7,4571.01,1,4,5,10,Loyal
635,4129,7,9436.06,1,4,5,10,Loyal
637,4487,8,12741.97,1,4,5,10,Loyal
667,4306,7,31574.07,1,4,5,10,Loyal
674,4362,7,9787.62,1,4,5,10,Loyal
679,4186,7,14924.99,1,4,5,10,Loyal
680,4155,7,3539.14,1,4,5,10,Loyal
688,4642,7,10696.84,1,4,5,10,Loyal
702,4438,7,2678.43,1,4,5,10,Loyal
718,4179,7,3013.18,1,4,5,10,Loyal
744,4219,7,4100.54,1,4,5,10,Loyal
745,4132,7,8803.71,1,4,5,10,Loyal
772,4315,9,3213.87,1,4,5,10,Loyal
825,4305,7,3950.34,1,4,5,10,Loyal
868,4177,9,8467.15,1,4,5,10,Loyal
871,4292,7,2823.23,1,4,5,10,Loyal
890,4427,7,4557.91,1,4,5,10,Loyal
896,4072,7,1368.53,1,4,5,10,Loyal
913,4098,7,5633.75,1,4,5,10,Loyal
914,4097,7,1781.47,1,4,5,10,Loyal
962,4198,7,15494.94,1,4,5,10,Loyal
984,4335,7,6145.59,1,4,5,10,Loyal
1018,4453,7,1304.94,1,4,5,10,Loyal
1020,4168,8,3351.12,1,4,5,10,Loyal
1025,4096,7,27828.72,1,4,5,10,Loyal
1031,4388,7,2810.48,1,4,5,10,Loyal
1033,4146,7,2113.59,1,4,5,10,Loyal
1080,4300,7,3030.75,1,4,5,10,Loyal
1090,4067,7,4410,1,4,5,10,Loyal
1108,4266,8,1659.59,1,4,5,10,Loyal
1109,4092,7,7238.12,1,4,5,10,Loyal
1113,4091,7,6488.64,1,4,5,10,Loyal
1116,4199,7,4567.56,1,4,5,10,Loyal
1117,4268,7,4853.64,1,4,5,10,Loyal
1121,4090,7,8496.05,1,4,5,10,Loyal
1126,4236,7,1647.11,1,4,5,10,Loyal
1142,4092,7,4509.02,1,4,5,10,Loyal
1183,4231,7,2112.93,1,4,5,10,Loyal
1206,4175,7,3438.02,1,4,5,10,Loyal
1211,4250,7,11070.38,1,4,5,10,Loyal
1231,4387,7,8953.59,1,4,5,10,Loyal
1238,4179,8,6183.02,1,4,5,10,Loyal
1250,4836,7,12308.3,1,4,5,10,Loyal
1280,4186,7,34389.87,1,4,5,10,Loyal
1282,4111,9,57021.38,1,4,5,10,Loyal
1304,4189,7,1117.37,1,4,5,10,Loyal
1313,4255,7,5465.11,1,4,5,10,Loyal
1317,4152,7,1234.69,1,4,5,10,Loyal
1357,4501,7,7217.03,1,4,5,10,Loyal
1360,4531,7,1855.72,1,4,5,10,Loyal
1367,4265,7,2750.53,1,4,5,10,Loyal
1391,4153,7,2194.3,1,4,5,10,Loyal
1404,4072,8,4076.43,1,4,5,10,Loyal
1410,4097,7,4672.35,1,4,5,10,Loyal
1411,4160,7,2030.92,1,4,5,10,Loyal
1424,4763,7,1439.33,1,4,5,10,Loyal
1458,4299,7,1665.54,1,4,5,10,Loyal
1463,4426,7,11765.4,1,4,5,10,Loyal
1490,4367,7,6667.67,1,4,5,10,Loyal
1494,4255,8,4847.19,1,4,5,10,Loyal
1497,4394,7,11374.05,1,4,5,10,Loyal
1526,4101,7,9384.84,1,4,5,10,Loyal
1552,4137,7,1902.01,1,4,5,10,Loyal
1574,4388,7,1562.46,1,4,5,10,Loyal
1606,4400,7,14722.1,1,4,5,10,Loyal
1623,4085,8,4570.84,1,4,5,10,Loyal
1625,4097,7,5812.24,1,4,5,10,Loyal
1637,4184,7,2593.45,1,4,5,10,Loyal
1650,4304,7,2196.27,1,4,5,10,Loyal
1657,4432,7,1190.45,1,4,5,10,Loyal
1665,4083,7,5210.8,1,4,5,10,Loyal
1680,4120,8,4022.18,1,4,5,10,Loyal
1707,4206,7,3203.35,1,4,5,10,Loyal
1712,4143,8,1767.31,1,4,5,10,Loyal
1726,4264,7,3928.48,1,4,5,10,Loyal
1727,4096,8,21661.96,1,4,5,10,Loyal
1730,4138,7,8788.37,1,4,5,10,Loyal
1733,4155,8,78243.6,1,4,5,10,Loyal
1739,4088,7,10883.06,1,4,5,10,Loyal
1765,4316,7,4260.19,1,4,5,10,Loyal
1777,4459,7,5294.77,1,4,5,10,Loyal
1836,4338,7,16612.69,1,4,5,10,Loyal
1850,4209,8,6564.71,1,4,5,10,Loyal
1852,4276,7,1568.7,1,4,5,10,Loyal
1917,4369,7,1652.28,1,4,5,10,Loyal
1946,4360,7,8394.07,1,4,5,10,Loyal
1953,4082,7,3441.32,1,4,5,10,Loyal
1957,4081,7,1732.22,1,4,5,10,Loyal
1989,4190,7,4005.66,1,4,5,10,Loyal
1994,4147,7,4718.53,1,4,5,10,Loyal
1998,4182,7,4795.5,1,4,5,10,Loyal
2001,4074,7,7324.13,1,4,5,10,Loyal
2004,4087,7,7202.08,1,4,5,10,Loyal
2011,4157,7,5874.28,1,4,5,10,Loyal
2018,4311,7,1984.73,1,4,5,10,Loyal
2033,4712,8,2695.3,1,4,5,10,Loyal
2046,4649,7,17922.6,1,4,5,10,Loyal
2048,4272,7,7181.43,1,4,5,10,Loyal
2062,4249,8,25357.54,1,4,5,10,Loyal
2063,4108,7,2342.54,1,4,5,10,Loyal
2066,4138,7,1437.12,1,4,5,10,Loyal
2067,4550,7,4119.34,1,4,5,10,Loyal
2089,4170,7,13850.56,1,4,5,10,Loyal
2099,4742,8,2131.77,1,4,5,10,Loyal
2108,4094,7,20072.38,1,4,5,10,Loyal
2118,4252,8,3435.21,1,4,5,10,Loyal
2122,4548,7,6529.69,1,4,5,10,Loyal
2132,4403,7,1605.39,1,4,5,10,Loyal
2141,4273,8,11203.94,1,4,5,10,Loyal
2192,4207,7,4409.47,1,4,5,10,Loyal
2206,4734,7,2687.95,1,4,5,10,Loyal
2223,4835,7,1754.04,1,4,5,10,Loyal
2225,4130,7,6181.19,1,4,5,10,Loyal
2260,4179,8,2187.87,1,4,5,10,Loyal
2266,4154,7,6619.21,1,4,5,10,Loyal
2270,4237,7,5755.06,1,4,5,10,Loyal
2279,4148,7,2525.41,1,4,5,10,Loyal
2287,4348,7,1808.29,1,4,5,10,Loyal
2333,4215,7,3455.85,1,4,5,10,Loyal
2342,4105,8,12071.02,1,4,5,10,Loyal
2360,4315,7,4264.98,1,4,5,10,Loyal
2369,4690,7,3263.41,1,4,5,10,Loyal
2395,4239,7,8873.22,1,4,5,10,Loyal
2409,4274,7,2188.58,1,4,5,10,Loyal
2426,4210,7,3856.58,1,4,5,10,Loyal
2431,4092,7,8179.21,1,4,5,10,Loyal
2443,4526,7,1699.59,1,4,5,10,Loyal
2468,4124,7,2464.35,1,4,5,10,Loyal
2489,4453,7,9425.28,1,4,5,10,Loyal
2490,4175,8,3935.38,1,4,5,10,Loyal
2499,4306,7,4809.21,1,4,5,10,Loyal
2539,4603,8,7671.37,1,4,5,10,Loyal
2545,4210,8,2267.29,1,4,5,10,Loyal
2555,4483,7,9351.78,1,4,5,10,Loyal
2565,4231,7,55793.4,1,4,5,10,Loyal
2579,4118,8,1800.16,1,4,5,10,Loyal
2630,4140,9,7189.7,1,4,5,10,Loyal
2641,4171,7,3780.49,1,4,5,10,Loyal
2657,4421,7,8158.05,1,4,5,10,Loyal
2668,4822,7,11979.27,1,4,5,10,Loyal
2684,4362,7,1855.94,1,4,5,10,Loyal
2699,4133,7,11757.28,1,4,5,10,Loyal
2724,4288,7,2840.27,1,4,5,10,Loyal
2741,4343,7,5430.74,1,4,5,10,Loyal
2746,4704,7,1956.61,1,4,5,10,Loyal
2747,4704,9,18363.71,1,4,5,10,Loyal
2756,4166,9,55257.89,1,4,5,10,Loyal
2781,4218,7,12762.61,1,4,5,10,Loyal
2784,4194,7,5401.36,1,4,5,10,Loyal
2787,4363,7,2688.28,1,4,5,10,Loyal
2797,4157,7,5075.84,1,4,5,10,Loyal
2825,4325,9,10228.9,1,4,5,10,Loyal
2854,4168,8,1430.55,1,4,5,10,Loyal
2859,4172,7,19075.91,1,4,5,10,Loyal
2861,4093,8,20107.43,1,4,5,10,Loyal
2884,4266,7,4298.7,1,4,5,10,Loyal
2885,4197,7,3472.5,1,4,5,10,Loyal
2896,4282,7,9647.63,1,4,5,10,Loyal
2908,4395,9,5225.4,1,4,5,10,Loyal
2931,4345,7,3174.57,1,4,5,10,Loyal
2977,4089,7,14896.12,1,4,5,10,Loyal
2980,4096,7,1455.13,1,4,5,10,Loyal
2984,4151,7,2624.65,1,4,5,10,Loyal
2988,4367,7,12236.75,1,4,5,10,Loyal
2999,4104,8,3609.42,1,4,5,10,Loyal
3012,4164,8,7504.98,1,4,5,10,Loyal
3042,4422,7,4686,1,4,5,10,Loyal
3043,4256,7,3678.04,1,4,5,10,Loyal
3066,4160,7,3836.69,1,4,5,10,Loyal
3073,4122,7,3807.26,1,4,5,10,Loyal
3076,4309,8,1463.78,1,4,5,10,Loyal
3083,4220,8,7130.62,1,4,5,10,Loyal
3098,4086,7,3916.89,1,4,5,10,Loyal
3106,4088,8,16977.5,1,4,5,10,Loyal
3128,4327,7,1064.44,1,4,5,10,Loyal
3132,4248,7,19719.22,1,4,5,10,Loyal
3148,4279,7,8593.08,1,4,5,10,Loyal
3154,4617,7,3765.14,1,4,5,10,Loyal
3167,4729,7,5248.25,1,4,5,10,Loyal
3188,4199,9,2895.85,1,4,5,10,Loyal
3196,4695,7,19224.31,1,4,5,10,Loyal
3206,4134,8,9807.43,1,4,5,10,Loyal
3258,4175,7,8598.35,1,4,5,10,Loyal
3275,4147,8,5989.03,1,4,5,10,Loyal
3279,4384,7,2337.89,1,4,5,10,Loyal
3304,4781,7,2851.72,1,4,5,10,Loyal
3331,4242,7,1461.6,1,4,5,10,Loyal
3338,4159,7,1052.78,1,4,5,10,Loyal
3342,4191,9,29627.7,1,4,5,10,Loyal
3366,4239,7,3055.29,1,4,5,10,Loyal
3367,4301,7,2486.35,1,4,5,10,Loyal
3379,4077,8,2671.52,1,4,5,10,Loyal
3386,4127,7,5452.86,1,4,5,10,Loyal
3396,4139,7,11653.85,1,4,5,10,Loyal
3400,4156,7,1924.32,1,4,5,10,Loyal
3,4245,6,5014.28,1,3,5,9,Loyal
14,4301,5,1244.48,1,3,5,9,Loyal
18,4157,6,4041.16,1,3,5,9,Loyal
24,4420,5,2424.69,1,3,5,9,Loyal
27,4126,6,2795.48,1,3,5,9,Loyal
32,4269,6,7376.86,1,3,5,9,Loyal
59,4340,5,1259.71,1,3,5,9,Loyal
61,4116,6,3557.32,1,3,5,9,Loyal
63,4269,5,2642.51,1,3,5,9,Loyal
67,4361,5,5825.89,1,3,5,9,Loyal
80,4601,6,4223.23,1,3,5,9,Loyal
93,4188,5,4238.96,1,3,5,9,Loyal
97,4090,5,4758.07,1,3,5,9,Loyal
115,4204,5,1956.94,1,3,5,9,Loyal
119,4322,5,1314.18,1,3,5,9,Loyal
120,4574,5,3527.5,1,3,5,9,Loyal
122,4191,5,2004.86,1,3,5,9,Loyal
146,4136,6,2901.98,1,3,5,9,Loyal
156,4396,5,2424.7,1,3,5,9,Loyal
164,4366,5,2187.75,1,3,5,9,Loyal
169,4214,6,9044.56,1,3,5,9,Loyal
177,4400,6,1760.82,1,3,5,9,Loyal
178,4154,6,2768.32,1,3,5,9,Loyal
191,4371,6,2925.59,1,3,5,9,Loyal
194,4090,6,6580.67,1,3,5,9,Loyal
197,4183,5,3832.62,1,3,5,9,Loyal
204,4654,6,2520.69,1,3,5,9,Loyal
212,4170,5,2384.13,1,3,5,9,Loyal
214,4466,5,2495.05,1,3,5,9,Loyal
221,4254,6,2640.73,1,3,5,9,Loyal
234,4212,6,1963.26,1,3,5,9,Loyal
236,4164,5,5745.23,1,3,5,9,Loyal
240,4171,5,5279.99,1,3,5,9,Loyal
241,4334,5,5450.25,1,3,5,9,Loyal
248,4419,5,1714.83,1,3,5,9,Loyal
258,4250,7,984.08,1,4,4,9,Loyal
270,4206,5,3783.59,1,3,5,9,Loyal
271,4493,5,1088.58,1,3,5,9,Loyal
288,4225,6,4274.07,1,3,5,9,Loyal
290,4165,5,5528.44,1,3,5,9,Loyal
291,4481,5,2867.15,1,3,5,9,Loyal
305,4230,6,9794.54,1,3,5,9,Loyal
306,4342,5,2834.67,1,3,5,9,Loyal
310,4260,6,1407.27,1,3,5,9,Loyal
313,4088,5,14511.03,1,3,5,9,Loyal
317,4111,5,2400.68,1,3,5,9,Loyal
324,4095,5,14954.99,1,3,5,9,Loyal
354,4286,5,2812.97,1,3,5,9,Loyal
357,4194,6,3594.96,1,3,5,9,Loyal
369,4206,6,4063.65,1,3,5,9,Loyal
375,4359,6,5005.54,1,3,5,9,Loyal
378,4395,5,2169.52,1,3,5,9,Loyal
380,4136,6,6106.39,1,3,5,9,Loyal
386,4188,5,1409.41,1,3,5,9,Loyal
387,4815,6,1573.63,1,3,5,9,Loyal
389,4147,5,3874.5,1,3,5,9,Loyal
391,4186,5,4913,1,3,5,9,Loyal
393,4250,6,2034.99,1,3,5,9,Loyal
398,4105,6,6960.05,1,3,5,9,Loyal
402,4157,5,1661.71,1,3,5,9,Loyal
408,4166,5,2048.59,1,3,5,9,Loyal
417,4206,6,1090.6,1,3,5,9,Loyal
427,4407,6,3055.63,1,3,5,9,Loyal
430,4275,6,3746.69,1,3,5,9,Loyal
445,4087,6,2508.6,1,3,5,9,Loyal
448,4310,5,1404.46,1,3,5,9,Loyal
451,4292,7,812.22,1,4,4,9,Loyal
463,4070,6,7715.89,1,3,5,9,Loyal
471,4235,6,9460.44,1,3,5,9,Loyal
472,4668,6,2322.46,1,3,5,9,Loyal
479,4360,5,3749.45,1,3,5,9,Loyal
483,4292,6,6293.23,1,3,5,9,Loyal
486,4148,5,7639.42,1,3,5,9,Loyal
494,4221,6,9435.98,1,3,5,9,Loyal
503,4345,5,3689.37,1,3,5,9,Loyal
508,4203,5,1262.59,1,3,5,9,Loyal
510,4416,6,4610.22,1,3,5,9,Loyal
514,4186,5,3974.09,1,3,5,9,Loyal
522,4385,5,3760.17,1,3,5,9,Loyal
524,4518,6,11507.23,1,3,5,9,Loyal
526,4618,6,2973.76,1,3,5,9,Loyal
534,4122,5,2073.86,1,3,5,9,Loyal
544,4150,6,1330.85,1,3,5,9,Loyal
550,4405,6,7740.89,1,3,5,9,Loyal
555,4374,5,12588.57,1,3,5,9,Loyal
559,4359,5,2073.59,1,3,5,9,Loyal
562,4102,5,5084.72,1,3,5,9,Loyal
566,4716,6,6133.51,1,3,5,9,Loyal
570,4587,6,2822.02,1,3,5,9,Loyal
573,4922,6,5067.39,1,3,5,9,Loyal
593,4131,7,517.81,1,4,4,9,Loyal
597,4105,5,2491.35,1,3,5,9,Loyal
603,4082,6,1547.09,1,3,5,9,Loyal
605,4357,5,1647.17,1,3,5,9,Loyal
608,4173,5,3626.87,1,3,5,9,Loyal
618,4202,6,6394.93,1,3,5,9,Loyal
619,4245,5,3286.8,1,3,5,9,Loyal
638,4629,5,2512.52,1,3,5,9,Loyal
642,4235,6,7066.75,1,3,5,9,Loyal
646,4264,5,2991.87,1,3,5,9,Loyal
649,4305,5,2575.03,1,3,5,9,Loyal
672,4379,6,1113.53,1,3,5,9,Loyal
694,4120,7,946.75,1,4,4,9,Loyal
696,4347,6,1093.3,1,3,5,9,Loyal
697,4325,5,3096.87,1,3,5,9,Loyal
701,4085,6,3624.67,1,3,5,9,Loyal
716,4524,5,9588.89,1,3,5,9,Loyal
749,4301,5,2937.25,1,3,5,9,Loyal
750,4484,6,7937.42,1,3,5,9,Loyal
753,4191,5,3158.32,1,3,5,9,Loyal
754,4342,5,1908.44,1,3,5,9,Loyal
756,4298,6,2836.67,1,3,5,9,Loyal
759,4218,7,844.56,1,4,4,9,Loyal
762,4133,5,16853.46,1,3,5,9,Loyal
771,4550,5,17321.24,1,3,5,9,Loyal
776,4269,6,3236.87,1,3,5,9,Loyal
786,4226,6,5217.25,1,3,5,9,Loyal
797,4337,6,1994.7,1,3,5,9,Loyal
799,4934,5,1529.06,1,3,5,9,Loyal
823,4190,6,1227.25,1,3,5,9,Loyal
824,4183,6,3532.4,1,3,5,9,Loyal
830,4253,6,6384.45,1,3,5,9,Loyal
838,4157,6,8321.78,1,3,5,9,Loyal
840,4144,5,2118.62,1,3,5,9,Loyal
862,4161,6,7183.43,1,3,5,9,Loyal
863,4446,6,3746.55,1,3,5,9,Loyal
880,4346,5,7046.38,1,3,5,9,Loyal
883,4116,5,18764.3,1,3,5,9,Loyal
885,4128,5,2534.23,1,3,5,9,Loyal
886,4396,6,5680.18,1,3,5,9,Loyal
887,4119,6,2205.61,1,3,5,9,Loyal
889,4354,7,710.04,1,4,4,9,Loyal
895,4128,6,2878.43,1,3,5,9,Loyal
898,4340,6,2569.89,1,3,5,9,Loyal
918,4135,6,3919.03,1,3,5,9,Loyal
945,4332,5,3151.59,1,3,5,9,Loyal
950,4126,5,2524.24,1,3,5,9,Loyal
951,4153,6,2594.96,1,3,5,9,Loyal
961,4615,5,3683.03,1,3,5,9,Loyal
970,4139,5,15457.27,1,3,5,9,Loyal
972,4217,6,1883.41,1,3,5,9,Loyal
983,4447,6,15758.7,1,3,5,9,Loyal
1014,4446,7,866.3,1,4,4,9,Loyal
1015,4110,6,4402.46,1,3,5,9,Loyal
1028,4284,6,3110.22,1,3,5,9,Loyal
1038,4368,6,5191.16,1,3,5,9,Loyal
1044,4347,6,21346.26,1,3,5,9,Loyal
1053,4209,6,3413.87,1,3,5,9,Loyal
1054,4287,5,1666.35,1,3,5,9,Loyal
1062,4100,6,1265.3,1,3,5,9,Loyal
1069,4116,5,3339.23,1,3,5,9,Loyal
1074,4521,6,5067.7,1,3,5,9,Loyal
1085,4360,8,935.92,1,4,4,9,Loyal
1086,4124,5,3855,1,3,5,9,Loyal
1088,4110,6,6451.46,1,3,5,9,Loyal
1103,4348,6,3008.67,1,3,5,9,Loyal
1105,4109,5,3456.35,1,3,5,9,Loyal
1118,4384,5,19781.52,1,3,5,9,Loyal
1119,4326,6,1607.2,1,3,5,9,Loyal
1123,4550,5,3730.83,1,3,5,9,Loyal
1127,4196,6,4942.21,1,3,5,9,Loyal
1131,4599,7,623.49,1,4,4,9,Loyal
1133,4344,5,2170.48,1,3,5,9,Loyal
1136,4168,6,7835.12,1,3,5,9,Loyal
1178,5162,5,6500.89,1,3,5,9,Loyal
1180,4269,6,1072.21,1,3,5,9,Loyal
1182,4269,5,5264.9,1,3,5,9,Loyal
1185,4103,6,22952.28,1,3,5,9,Loyal
1194,4332,5,1932.06,1,3,5,9,Loyal
1213,4413,7,771.94,1,4,4,9,Loyal
1216,4458,5,2268.39,1,3,5,9,Loyal
1230,4612,5,1791.54,1,3,5,9,Loyal
1233,4139,6,2397.53,1,3,5,9,Loyal
1237,4103,6,9640.24,1,3,5,9,Loyal
1241,4325,6,12956.45,1,3,5,9,Loyal
1246,4288,5,12102.79,1,3,5,9,Loyal
1254,4166,7,516.37,1,4,4,9,Loyal
1257,4349,6,1886.08,1,3,5,9,Loyal
1261,4422,5,2472.39,1,3,5,9,Loyal
1271,4074,5,1953.48,1,3,5,9,Loyal
1279,4807,5,7357.34,1,3,5,9,Loyal
1281,4111,6,12647.15,1,3,5,9,Loyal
1301,4699,5,5819.59,1,3,5,9,Loyal
1303,4349,5,6156.17,1,3,5,9,Loyal
1310,4328,5,2123.98,1,3,5,9,Loyal
1312,4255,6,1057.98,1,3,5,9,Loyal
1315,4677,6,3201,1,3,5,9,Loyal
1339,4316,6,1814.01,1,3,5,9,Loyal
1348,4094,5,8574.93,1,3,5,9,Loyal
1368,4111,6,2381.87,1,3,5,9,Loyal
1384,4309,5,4711.9,1,3,5,9,Loyal
1389,4397,6,2547.11,1,3,5,9,Loyal
1405,4151,5,2221.05,1,3,5,9,Loyal
1409,4273,6,1053.33,1,3,5,9,Loyal
1430,4181,5,2383.06,1,3,5,9,Loyal
1434,4100,5,4614.96,1,3,5,9,Loyal
1442,4419,6,4527.09,1,3,5,9,Loyal
1445,4184,5,3313.11,1,3,5,9,Loyal
1450,4174,6,2984.66,1,3,5,9,Loyal
1459,4374,6,8579.4,1,3,5,9,Loyal
1466,4247,6,2871.39,1,3,5,9,Loyal
1472,4129,5,4812.06,1,3,5,9,Loyal
1480,4220,5,4229.76,1,3,5,9,Loyal
1488,4529,6,28421.54,1,3,5,9,Loyal
1492,4129,5,4147.37,1,3,5,9,Loyal
1502,4505,5,3943.64,1,3,5,9,Loyal
1503,4234,5,9424.55,1,3,5,9,Loyal
1507,4822,5,1386.71,1,3,5,9,Loyal
1510,4176,6,7656.06,1,3,5,9,Loyal
1511,4209,5,4599.84,1,3,5,9,Loyal
1527,4453,5,2939.57,1,3,5,9,Loyal
1531,4351,5,6829.45,1,3,5,9,Loyal
1536,4141,5,5045.73,1,3,5,9,Loyal
1538,4129,5,4710.23,1,3,5,9,Loyal
1545,4412,6,2497.71,1,3,5,9,Loyal
1547,4096,5,3201.35,1,3,5,9,Loyal
1548,4202,5,11613.21,1,3,5,9,Loyal
1551,4630,5,1064.43,1,3,5,9,Loyal
1553,4141,7,762.23,1,4,4,9,Loyal
1554,4620,5,2557.78,1,3,5,9,Loyal
1558,4328,6,2547.92,1,3,5,9,Loyal
1562,4332,7,707.88,1,4,4,9,Loyal
1568,4120,5,4621.78,1,3,5,9,Loyal
1590,4475,6,2923.72,1,3,5,9,Loyal
1595,4690,6,8106.23,1,3,5,9,Loyal
1602,4207,5,6151.77,1,3,5,9,Loyal
1607,4228,5,4233.54,1,3,5,9,Loyal
1619,4286,7,987.43,1,4,4,9,Loyal
1620,4224,5,2665.71,1,3,5,9,Loyal
1628,4082,5,2236.05,1,3,5,9,Loyal
1630,4082,6,18559.43,1,3,5,9,Loyal
1636,4338,6,3655.08,1,3,5,9,Loyal
1648,4574,6,5447.5,1,3,5,9,Loyal
1653,4788,6,2046.8,1,3,5,9,Loyal
1660,4263,5,3500.83,1,3,5,9,Loyal
1672,4070,6,3611.02,1,3,5,9,Loyal
1676,4216,5,1753.78,1,3,5,9,Loyal
1683,4206,6,2636.08,1,3,5,9,Loyal
1687,4573,6,14620.79,1,3,5,9,Loyal
1689,4292,6,3541.76,1,3,5,9,Loyal
1690,4096,5,6992.58,1,3,5,9,Loyal
1708,4109,5,9847.61,1,3,5,9,Loyal
1709,4205,5,3914.82,1,3,5,9,Loyal
1721,4339,5,3984.2,1,3,5,9,Loyal
1732,4121,5,5496.34,1,3,5,9,Loyal
1734,4901,5,15309.4,1,3,5,9,Loyal
1740,4151,6,3642.52,1,3,5,9,Loyal
1748,4080,5,2501.85,1,3,5,9,Loyal
1769,4153,5,12083.65,1,3,5,9,Loyal
1772,4071,5,2061.55,1,3,5,9,Loyal
1773,4071,5,8117.9,1,3,5,9,Loyal
1781,4450,5,6017.76,1,3,5,9,Loyal
1782,4104,6,10597.04,1,3,5,9,Loyal
1783,4087,6,3105.12,1,3,5,9,Loyal
1788,4882,6,2370.85,1,3,5,9,Loyal
1790,4270,6,4613.1,1,3,5,9,Loyal
1793,4145,6,10540.63,1,3,5,9,Loyal
1802,4282,5,9027.52,1,3,5,9,Loyal
1808,4573,6,2362.75,1,3,5,9,Loyal
1810,4505,5,6874.72,1,3,5,9,Loyal
1822,4218,6,52806.01,1,3,5,9,Loyal
1824,4218,5,13284.11,1,3,5,9,Loyal
1827,4383,6,4810.3,1,3,5,9,Loyal
1842,4573,5,1500.08,1,3,5,9,Loyal
1847,4142,6,4904.03,1,3,5,9,Loyal
1875,4134,6,4891.1,1,3,5,9,Loyal
1913,4080,7,686.19,1,4,4,9,Loyal
1918,4490,6,1111.12,1,3,5,9,Loyal
1927,4143,5,5492.06,1,3,5,9,Loyal
1935,4945,6,4271.93,1,3,5,9,Loyal
1938,4108,6,2859.18,1,3,5,9,Loyal
1949,4159,6,7083.94,1,3,5,9,Loyal
1961,4167,5,2762.71,1,3,5,9,Loyal
1962,4134,5,1144.7,1,3,5,9,Loyal
1967,4355,5,1944.3,1,3,5,9,Loyal
1971,4415,6,1248.58,1,3,5,9,Loyal
1975,4167,6,2554.36,1,3,5,9,Loyal
2019,4113,6,3850.08,1,3,5,9,Loyal
2021,4077,6,1747.48,1,3,5,9,Loyal
2023,4174,5,2883.53,1,3,5,9,Loyal
2034,4297,6,4237.16,1,3,5,9,Loyal
2039,4291,5,2193.3,1,3,5,9,Loyal
2052,4138,5,1490.56,1,3,5,9,Loyal
2053,4114,6,4501.6,1,3,5,9,Loyal
2058,4123,6,4018.39,1,3,5,9,Loyal
2059,4289,5,1753.09,1,3,5,9,Loyal
2061,4954,5,2609.85,1,3,5,9,Loyal
2069,4104,5,3368.24,1,3,5,9,Loyal
2072,4265,5,3870.27,1,3,5,9,Loyal
2073,4122,6,2719.32,1,3,5,9,Loyal
2081,4136,6,1370.42,1,3,5,9,Loyal
2082,4215,6,13270.29,1,3,5,9,Loyal
2087,4178,6,2726.28,1,3,5,9,Loyal
2092,4238,5,1348.65,1,3,5,9,Loyal
2094,4157,5,9077.26,1,3,5,9,Loyal
2105,4088,6,4512.9,1,3,5,9,Loyal
2124,4123,5,3965.68,1,3,5,9,Loyal
2131,4418,6,5931.96,1,3,5,9,Loyal
2133,4372,6,1067.1,1,3,5,9,Loyal
2139,4189,5,6762.5,1,3,5,9,Loyal
2148,4149,5,3886.21,1,3,5,9,Loyal
2149,4070,5,1599.05,1,3,5,9,Loyal
2157,4258,6,12597.99,1,3,5,9,Loyal
2161,4601,5,3873.59,1,3,5,9,Loyal
2162,4260,6,13959.62,1,3,5,9,Loyal
2189,4144,5,44016.49,1,3,5,9,Loyal
2196,4274,6,5546.86,1,3,5,9,Loyal
2197,4115,6,3654.36,1,3,5,9,Loyal
2202,4208,6,10033.45,1,3,5,9,Loyal
2209,4229,6,2719.28,1,3,5,9,Loyal
2215,4144,6,6298.66,1,3,5,9,Loyal
2216,4322,5,2405.41,1,3,5,9,Loyal
2228,4684,5,3865.7,1,3,5,9,Loyal
2254,4791,5,3168.36,1,3,5,9,Loyal
2256,4738,5,2724.37,1,3,5,9,Loyal
2257,4594,6,2417.47,1,3,5,9,Loyal
2258,4216,5,6729.09,1,3,5,9,Loyal
2265,4125,6,1750.12,1,3,5,9,Loyal
2273,5053,5,3054.6,1,3,5,9,Loyal
2274,4455,6,4947.17,1,3,5,9,Loyal
2276,4442,5,11568.84,1,3,5,9,Loyal
2282,4216,6,1697.75,1,3,5,9,Loyal
2286,4083,7,719.67,1,4,4,9,Loyal
2290,4217,5,2084.83,1,3,5,9,Loyal
2291,4078,5,1950.3,1,3,5,9,Loyal
2303,4194,6,19647.09,1,3,5,9,Loyal
2308,4104,5,1965.24,1,3,5,9,Loyal
2309,4093,5,22339.95,1,3,5,9,Loyal
2332,4319,5,16774.58,1,3,5,9,Loyal
2337,4229,5,2287.44,1,3,5,9,Loyal
2338,4162,5,3558.78,1,3,5,9,Loyal
2346,4419,6,7646.72,1,3,5,9,Loyal
2347,4108,6,1051.81,1,3,5,9,Loyal
2352,4204,6,3926.88,1,3,5,9,Loyal
2358,4722,6,4067.88,1,3,5,9,Loyal
2359,4088,5,1991.86,1,3,5,9,Loyal
2373,4195,5,1131.32,1,3,5,9,Loyal
2380,4206,6,1498.03,1,3,5,9,Loyal
2391,4788,5,1982.99,1,3,5,9,Loyal
2400,4145,6,5424.39,1,3,5,9,Loyal
2418,4763,6,7974.29,1,3,5,9,Loyal
2419,4103,5,1309.36,1,3,5,9,Loyal
2423,4658,6,5730.86,1,3,5,9,Loyal
2427,4182,6,5877.45,1,3,5,9,Loyal
2430,4117,6,2306.42,1,3,5,9,Loyal
2442,4094,5,2526.84,1,3,5,9,Loyal
2450,4214,6,3347.32,1,3,5,9,Loyal
2453,4109,5,22528.82,1,3,5,9,Loyal
2457,4204,5,2887.48,1,3,5,9,Loyal
2460,4105,6,5856,1,3,5,9,Loyal
2463,4222,6,3680.29,1,3,5,9,Loyal
2466,4194,6,3917.65,1,3,5,9,Loyal
2469,4267,6,4623.87,1,3,5,9,Loyal
2472,4168,6,1520.6,1,3,5,9,Loyal
2475,4088,6,6686.97,1,3,5,9,Loyal
2480,4301,5,11811.87,1,3,5,9,Loyal
2484,4177,6,5338.18,1,3,5,9,Loyal
2487,4193,6,4177.4,1,3,5,9,Loyal
2500,4145,5,1829.5,1,3,5,9,Loyal
2525,4223,6,3087.68,1,3,5,9,Loyal
2531,4074,6,1078.22,1,3,5,9,Loyal
2547,4175,5,2835.84,1,3,5,9,Loyal
2549,4321,6,2290.8,1,3,5,9,Loyal
2554,4378,5,1419.49,1,3,5,9,Loyal
2561,4130,5,4315.35,1,3,5,9,Loyal
2570,4175,5,7843.2,1,3,5,9,Loyal
2577,4720,6,4614.86,1,3,5,9,Loyal
2578,4910,6,4835.93,1,3,5,9,Loyal
2580,4131,6,2689.46,1,3,5,9,Loyal
2584,4486,5,1737.73,1,3,5,9,Loyal
2617,4072,6,5296.39,1,3,5,9,Loyal
2619,4348,6,1086.92,1,3,5,9,Loyal
2626,4215,6,11060.53,1,3,5,9,Loyal
2631,4256,6,3401.46,1,3,5,9,Loyal
2638,4275,5,3616.26,1,3,5,9,Loyal
2639,4164,5,1224.42,1,3,5,9,Loyal
2643,4242,6,3750.72,1,3,5,9,Loyal
2650,4115,5,4414.29,1,3,5,9,Loyal
2655,4521,6,10529.25,1,3,5,9,Loyal
2666,4174,6,1779.35,1,3,5,9,Loyal
2673,4086,5,2024.64,1,3,5,9,Loyal
2685,4198,6,3357.67,1,3,5,9,Loyal
2697,4594,5,2900.74,1,3,5,9,Loyal
2713,4385,5,1206.09,1,3,5,9,Loyal
2715,4216,7,593.48,1,4,4,9,Loyal
2718,4152,6,4179.42,1,3,5,9,Loyal
2720,4802,6,5137.36,1,3,5,9,Loyal
2725,4292,5,1741.75,1,3,5,9,Loyal
2728,4345,6,12299.96,1,3,5,9,Loyal
2730,4182,5,11994.19,1,3,5,9,Loyal
2733,4201,5,2194.19,1,3,5,9,Loyal
2743,4084,6,8952.56,1,3,5,9,Loyal
2750,4260,6,2481.97,1,3,5,9,Loyal
2752,4073,6,3792.1,1,3,5,9,Loyal
2753,4166,5,12320.82,1,3,5,9,Loyal
2770,4308,5,1193.22,1,3,5,9,Loyal
2778,4621,5,3493.5,1,3,5,9,Loyal
2779,4169,6,4541.39,1,3,5,9,Loyal
2785,4239,6,16352.48,1,3,5,9,Loyal
2791,4326,6,2235.28,1,3,5,9,Loyal
2794,4623,6,2463.51,1,3,5,9,Loyal
2795,4124,6,3249.93,1,3,5,9,Loyal
2803,4862,5,4269.31,1,3,5,9,Loyal
2817,4406,5,1301.04,1,3,5,9,Loyal
2820,4239,6,3685.04,1,3,5,9,Loyal
2834,4071,5,3938.81,1,3,5,9,Loyal
2837,4142,6,3235.99,1,3,5,9,Loyal
2848,4243,5,2992.08,1,3,5,9,Loyal
2855,4167,6,8165.21,1,3,5,9,Loyal
2858,4174,5,7586.55,1,3,5,9,Loyal
2860,4431,5,7998.59,1,3,5,9,Loyal
2865,4080,6,4994.08,1,3,5,9,Loyal
2873,4443,5,4189.29,1,3,5,9,Loyal
2874,4267,6,7836.06,1,3,5,9,Loyal
2877,4708,5,1168.43,1,3,5,9,Loyal
2878,4708,5,4712.13,1,3,5,9,Loyal
2880,4154,6,5959.72,1,3,5,9,Loyal
2889,4169,6,1537.45,1,3,5,9,Loyal
2890,4314,6,4466.11,1,3,5,9,Loyal
2893,4284,6,4297.17,1,3,5,9,Loyal
2900,4307,7,983.06,1,4,4,9,Loyal
2913,4097,6,2423.07,1,3,5,9,Loyal
2915,4752,6,20618.18,1,3,5,9,Loyal
2924,4291,6,2956.12,1,3,5,9,Loyal
2927,4150,5,2321.82,1,3,5,9,Loyal
2928,4103,5,3528.74,1,3,5,9,Loyal
2949,4091,5,3524.66,1,3,5,9,Loyal
2951,4205,5,3283.92,1,3,5,9,Loyal
2952,4482,5,2892.97,1,3,5,9,Loyal
2954,4546,5,1864.36,1,3,5,9,Loyal
2957,4228,5,5345.51,1,3,5,9,Loyal
2963,4281,5,5751.97,1,3,5,9,Loyal
2968,4100,6,1710.94,1,3,5,9,Loyal
2973,4356,5,5449.4,1,3,5,9,Loyal
2981,4170,5,3533.42,1,3,5,9,Loyal
2995,4283,6,1475.04,1,3,5,9,Loyal
3000,4176,6,9119.68,1,3,5,9,Loyal
3001,4410,6,1305.81,1,3,5,9,Loyal
3005,4511,5,1793.64,1,3,5,9,Loyal
3006,4087,6,4017.46,1,3,5,9,Loyal
3008,4302,5,2345.37,1,3,5,9,Loyal
3015,4172,5,6931.92,1,3,5,9,Loyal
3017,4257,5,1099.58,1,3,5,9,Loyal
3026,4319,6,4120.93,1,3,5,9,Loyal
3030,4238,6,2912.16,1,3,5,9,Loyal
3036,5142,5,4313.32,1,3,5,9,Loyal
3045,4091,5,1579.43,1,3,5,9,Loyal
3048,4184,5,4445.98,1,3,5,9,Loyal
3063,4101,6,4441.45,1,3,5,9,Loyal
3069,4217,6,2421.24,1,3,5,9,Loyal
3074,4471,5,26662.19,1,3,5,9,Loyal
3077,4113,6,5672.11,1,3,5,9,Loyal
3078,4089,6,3842.64,1,3,5,9,Loyal
3081,4295,5,1400.86,1,3,5,9,Loyal
3092,4166,6,4077.35,1,3,5,9,Loyal
3096,4265,5,2975.67,1,3,5,9,Loyal
3113,4248,5,1298.55,1,3,5,9,Loyal
3119,4052,5,8563.23,1,3,5,9,Loyal
3120,4221,6,3366.92,1,3,5,9,Loyal
3121,4221,6,13242.47,1,3,5,9,Loyal
3123,4172,5,1288.25,1,3,5,9,Loyal
3124,4334,5,1566.15,1,3,5,9,Loyal
3133,5280,6,3108.68,1,3,5,9,Loyal
3141,4674,6,2316.42,1,3,5,9,Loyal
3146,4146,5,1172.1,1,3,5,9,Loyal
3149,4109,5,2790.33,1,3,5,9,Loyal
3155,4208,6,5696.41,1,3,5,9,Loyal
3172,4186,6,2773.38,1,3,5,9,Loyal
3176,4083,5,2387.74,1,3,5,9,Loyal
3179,4070,5,2883.7,1,3,5,9,Loyal
3186,4674,6,1681.6,1,3,5,9,Loyal
3192,4274,6,4483.75,1,3,5,9,Loyal
3197,4695,6,4710.35,1,3,5,9,Loyal
3218,4165,5,7103.55,1,3,5,9,Loyal
3224,4612,7,713.59,1,4,4,9,Loyal
3225,4390,5,2391.63,1,3,5,9,Loyal
3229,4176,6,2018.33,1,3,5,9,Loyal
3236,4370,5,1123.14,1,3,5,9,Loyal
3239,4141,6,2676.69,1,3,5,9,Loyal
3249,4410,5,4066.66,1,3,5,9,Loyal
3252,4305,6,1024.81,1,3,5,9,Loyal
3257,4116,6,6692.55,1,3,5,9,Loyal
3261,4353,5,9573.17,1,3,5,9,Loyal
3272,4155,6,1033.46,1,3,5,9,Loyal
3284,4271,6,2729.74,1,3,5,9,Loyal
3285,4287,6,2469.72,1,3,5,9,Loyal
3287,4354,5,4724.33,1,3,5,9,Loyal
3299,4957,6,5533.69,1,3,5,9,Loyal
3303,4160,6,2471.39,1,3,5,9,Loyal
3328,4271,5,1307.29,1,3,5,9,Loyal
3340,4293,5,8498.71,1,3,5,9,Loyal
3347,4254,5,2133.7,1,3,5,9,Loyal
3354,4584,8,979.09,1,4,4,9,Loyal
3355,4218,6,1771.9,1,3,5,9,Loyal
3359,4171,5,12260.86,1,3,5,9,Loyal
3361,4988,5,5592.72,1,3,5,9,Loyal
3363,4462,5,3626.47,1,3,5,9,Loyal
3368,4108,6,6083.06,1,3,5,9,Loyal
3371,4084,5,3075.41,1,3,5,9,Loyal
3374,4358,6,2417.38,1,3,5,9,Loyal
3375,4122,6,7390.45,1,3,5,9,Loyal
3380,4535,5,10595.37,1,3,5,9,Loyal
3385,4087,6,2831.95,1,3,5,9,Loyal
3393,4140,5,2925.98,1,3,5,9,Loyal
3397,4242,6,26284.68,1,3,5,9,Loyal
6,4434,4,3332.31,1,2,5,8,At-Risk
15,4411,6,521.33,1,3,4,8,At-Risk
16,4388,3,1010.39,1,2,5,8,At-Risk
23,4105,4,3521.36,1,2,5,8,At-Risk
25,4249,4,2027.86,1,2,5,8,At-Risk
33,4204,5,823.65,1,3,4,8,At-Risk
43,4190,3,2127.04,1,2,5,8,At-Risk
48,4422,5,791.7,1,3,4,8,At-Risk
52,4488,3,1304.67,1,2,5,8,At-Risk
53,4382,3,3411.3,1,2,5,8,At-Risk
55,4330,4,2276.9,1,2,5,8,At-Risk
64,4194,4,2118.33,1,2,5,8,At-Risk
83,4188,4,2119.14,1,2,5,8,At-Risk
85,4323,3,10117.38,1,2,5,8,At-Risk
87,4327,4,6292.8,1,2,5,8,At-Risk
92,4107,5,944.93,1,3,4,8,At-Risk
95,4354,4,2776.96,1,2,5,8,At-Risk
127,4180,3,1460.26,1,2,5,8,At-Risk
129,4100,3,4875.81,1,2,5,8,At-Risk
132,4098,4,1672.25,1,2,5,8,At-Risk
145,4188,5,644.13,1,3,4,8,At-Risk
151,4520,5,519.03,1,3,4,8,At-Risk
153,4129,6,929.34,1,3,4,8,At-Risk
162,4107,4,7621.18,1,2,5,8,At-Risk
166,4754,4,2462.39,1,2,5,8,At-Risk
180,4086,3,10696.77,1,2,5,8,At-Risk
216,4741,4,1371.84,1,2,5,8,At-Risk
217,4193,6,911.03,1,3,4,8,At-Risk
228,4898,3,1717.85,1,2,5,8,At-Risk
232,4566,4,1420.46,1,2,5,8,At-Risk
245,4074,4,5521.19,1,2,5,8,At-Risk
247,4419,4,1687.24,1,2,5,8,At-Risk
250,4718,4,1986.91,1,2,5,8,At-Risk
254,4070,4,3886.32,1,2,5,8,At-Risk
255,4381,4,2129.07,1,2,5,8,At-Risk
259,4112,3,8060.47,1,2,5,8,At-Risk
262,4145,4,2092.45,1,2,5,8,At-Risk
266,5210,3,2115.95,1,2,5,8,At-Risk
303,4158,4,6701.22,1,2,5,8,At-Risk
304,4144,3,4002.07,1,2,5,8,At-Risk
314,4357,3,3577.56,1,2,5,8,At-Risk
326,4192,4,2202.16,1,2,5,8,At-Risk
337,4113,3,5771.4,1,2,5,8,At-Risk
339,4313,5,859.09,1,3,4,8,At-Risk
360,4423,4,4295.24,1,2,5,8,At-Risk
395,4185,3,5608.79,1,2,5,8,At-Risk
397,4287,3,2336.68,1,2,5,8,At-Risk
401,4533,3,2125.96,1,2,5,8,At-Risk
418,4877,4,3419.3,1,2,5,8,At-Risk
428,4115,4,1170.71,1,2,5,8,At-Risk
431,4455,3,2093.12,1,2,5,8,At-Risk
452,4521,4,3908.01,1,2,5,8,At-Risk
464,4141,4,1038.73,1,2,5,8,At-Risk
485,4127,3,4763.44,1,2,5,8,At-Risk
492,4180,3,1288.02,1,2,5,8,At-Risk
497,4334,4,5268.83,1,2,5,8,At-Risk
507,4369,3,1820.72,1,2,5,8,At-Risk
521,4214,4,12933.97,1,2,5,8,At-Risk
528,5032,3,1245.41,1,2,5,8,At-Risk
551,4124,3,1177.23,1,2,5,8,At-Risk
572,4245,4,1335.01,1,2,5,8,At-Risk
594,4129,6,983.51,1,3,4,8,At-Risk
595,4253,4,1651.21,1,2,5,8,At-Risk
596,5482,3,4973.52,1,2,5,8,At-Risk
600,4336,3,1380.62,1,2,5,8,At-Risk
602,4294,3,2614.18,1,2,5,8,At-Risk
606,4159,6,567.78,1,3,4,8,At-Risk
611,4148,4,1494.26,1,2,5,8,At-Risk
627,4684,3,10234.72,1,2,5,8,At-Risk
629,4502,5,505.88,1,3,4,8,At-Risk
631,4394,3,2014.96,1,2,5,8,At-Risk
636,4414,4,2444.68,1,2,5,8,At-Risk
639,4378,3,2330.45,1,2,5,8,At-Risk
651,5296,4,7443.2,1,2,5,8,At-Risk
663,4303,4,2643.19,1,2,5,8,At-Risk
665,4308,3,5887.8,1,2,5,8,At-Risk
666,4306,4,2072.52,1,2,5,8,At-Risk
669,4755,4,3494.8,1,2,5,8,At-Risk
670,4347,3,1769.63,1,2,5,8,At-Risk
685,4204,4,2308.79,1,2,5,8,At-Risk
719,4429,5,600.8,1,3,4,8,At-Risk
746,4073,6,539.43,1,3,4,8,At-Risk
767,4606,4,2116.39,1,2,5,8,At-Risk
773,4197,3,2433.13,1,2,5,8,At-Risk
787,4306,3,1885.59,1,2,5,8,At-Risk
792,4076,4,2794.56,1,2,5,8,At-Risk
796,4617,3,2701.48,1,2,5,8,At-Risk
801,4385,3,5597.12,1,2,5,8,At-Risk
804,4421,3,1979.38,1,2,5,8,At-Risk
805,4277,3,5567.03,1,2,5,8,At-Risk
819,4386,3,1142.89,1,2,5,8,At-Risk
826,4297,4,1379.54,1,2,5,8,At-Risk
829,4183,3,3487.88,1,2,5,8,At-Risk
831,4199,3,2116.44,1,2,5,8,At-Risk
851,4209,5,717.01,1,3,4,8,At-Risk
853,4173,4,8370.14,1,2,5,8,At-Risk
874,4220,3,1079.35,1,2,5,8,At-Risk
877,4161,3,1175.74,1,2,5,8,At-Risk
888,4165,4,3643.19,1,2,5,8,At-Risk
899,4437,5,545.15,1,3,4,8,At-Risk
901,4535,4,3676.11,1,2,5,8,At-Risk
907,4345,5,594.65,1,3,4,8,At-Risk
908,4090,4,1441.41,1,2,5,8,At-Risk
911,5092,4,3189.11,1,2,5,8,At-Risk
915,4247,4,1050.78,1,2,5,8,At-Risk
916,4245,3,2144.45,1,2,5,8,At-Risk
919,4494,4,3500.14,1,2,5,8,At-Risk
920,4330,4,2601.12,1,2,5,8,At-Risk
922,4542,4,3201.57,1,2,5,8,At-Risk
954,4071,6,826.29,1,3,4,8,At-Risk
956,4778,6,814.81,1,3,4,8,At-Risk
973,4119,4,3008.4,1,2,5,8,At-Risk
981,4110,3,3780.96,1,2,5,8,At-Risk
993,4257,4,1471.34,1,2,5,8,At-Risk
1002,5018,4,2101.11,1,2,5,8,At-Risk
1016,4948,4,1896.84,1,2,5,8,At-Risk
1023,4504,4,1386.89,1,2,5,8,At-Risk
1026,4541,4,1385.69,1,2,5,8,At-Risk
1027,4071,3,9270.87,1,2,5,8,At-Risk
1030,4413,4,2149.84,1,2,5,8,At-Risk
1035,4569,4,3311.71,1,2,5,8,At-Risk
1041,4130,4,1951.58,1,2,5,8,At-Risk
1063,4211,4,4004.44,1,2,5,8,At-Risk
1066,4097,3,6443.53,1,2,5,8,At-Risk
1072,4363,3,1035.58,1,2,5,8,At-Risk
1082,4294,3,5404.06,1,2,5,8,At-Risk
1089,4516,4,2023.74,1,2,5,8,At-Risk
1091,4160,3,11905.54,1,2,5,8,At-Risk
1120,4421,4,1908.52,1,2,5,8,At-Risk
1132,5362,4,3076.53,1,2,5,8,At-Risk
1138,5098,4,1781.19,1,2,5,8,At-Risk
1139,4180,3,2157.33,1,2,5,8,At-Risk
1140,4110,3,13128.18,1,2,5,8,At-Risk
1143,4564,3,6882.43,1,2,5,8,At-Risk
1145,4247,3,2598.14,1,2,5,8,At-Risk
1146,4347,3,1217.7,1,2,5,8,At-Risk
1170,5155,3,1281.08,1,2,5,8,At-Risk
1171,4959,4,1227.88,1,2,5,8,At-Risk
1212,4208,4,14621.08,1,2,5,8,At-Risk
1242,4345,5,809.45,1,3,4,8,At-Risk
1245,4285,3,1902.71,1,2,5,8,At-Risk
1253,5415,3,3655.92,1,2,5,8,At-Risk
1259,4842,4,7865.62,1,2,5,8,At-Risk
1262,4541,4,2852.63,1,2,5,8,At-Risk
1265,4205,3,1021.66,1,2,5,8,At-Risk
1283,4322,3,1694.5,1,2,5,8,At-Risk
1286,4199,4,6156.71,1,2,5,8,At-Risk
1291,4242,3,2936.87,1,2,5,8,At-Risk
1295,4354,3,2794.71,1,2,5,8,At-Risk
1298,4316,3,1924.35,1,2,5,8,At-Risk
1299,4106,3,3029.13,1,2,5,8,At-Risk
1305,4384,4,2256.81,1,2,5,8,At-Risk
1316,5340,4,2900.01,1,2,5,8,At-Risk
1318,4809,3,1756.27,1,2,5,8,At-Risk
1347,4329,4,1383.35,1,2,5,8,At-Risk
1350,4474,4,4653.54,1,2,5,8,At-Risk
1361,5306,3,1218.26,1,2,5,8,At-Risk
1372,4092,5,529.81,1,3,4,8,At-Risk
1387,4208,3,1476.84,1,2,5,8,At-Risk
1390,4541,3,5014.1,1,2,5,8,At-Risk
1392,4422,3,3075.34,1,2,5,8,At-Risk
1417,4784,4,6168.99,1,2,5,8,At-Risk
1418,4713,5,880.77,1,3,4,8,At-Risk
1421,4157,7,467.33,1,4,3,8,At-Risk
1425,4074,3,2862.52,1,2,5,8,At-Risk
1427,4308,3,7389.84,1,2,5,8,At-Risk
1433,4129,4,4953.68,1,2,5,8,At-Risk
1437,4303,3,1642.23,1,2,5,8,At-Risk
1438,4240,5,915.07,1,3,4,8,At-Risk
1461,4284,4,6683.94,1,2,5,8,At-Risk
1462,4281,6,601.31,1,3,4,8,At-Risk
1468,4080,4,5660.15,1,2,5,8,At-Risk
1471,4185,4,6806.34,1,2,5,8,At-Risk
1473,4179,3,1802.51,1,2,5,8,At-Risk
1479,4571,3,2087.53,1,2,5,8,At-Risk
1481,4193,3,1072.29,1,2,5,8,At-Risk
1484,4358,4,1600.77,1,2,5,8,At-Risk
1485,4275,4,5041.21,1,2,5,8,At-Risk
1487,4529,4,3710.01,1,2,5,8,At-Risk
1499,4879,4,2377.79,1,2,5,8,At-Risk
1514,4351,3,1548.96,1,2,5,8,At-Risk
1528,4182,4,5404.04,1,2,5,8,At-Risk
1530,4549,3,4007.66,1,2,5,8,At-Risk
1537,4413,3,4065.08,1,2,5,8,At-Risk
1541,4155,3,5897.02,1,2,5,8,At-Risk
1546,4577,4,4819.03,1,2,5,8,At-Risk
1550,4583,4,12952.11,1,2,5,8,At-Risk
1557,4895,4,2296.86,1,2,5,8,At-Risk
1561,4479,4,3444.18,1,2,5,8,At-Risk
1569,4119,3,18197.82,1,2,5,8,At-Risk
1572,4153,4,1639.28,1,2,5,8,At-Risk
1575,4267,4,7767.55,1,2,5,8,At-Risk
1592,4476,5,903.24,1,3,4,8,At-Risk
1603,4125,5,882.7,1,3,4,8,At-Risk
1609,4143,7,499.86,1,4,3,8,At-Risk
1616,4318,4,4537.92,1,2,5,8,At-Risk
1633,4070,4,3082.96,1,2,5,8,At-Risk
1634,4134,4,2021.71,1,2,5,8,At-Risk
1644,4130,3,1808.53,1,2,5,8,At-Risk
1658,4314,3,2593.16,1,2,5,8,At-Risk
1663,4129,3,1118.12,1,2,5,8,At-Risk
1667,4101,3,2976.04,1,2,5,8,At-Risk
1668,4148,4,5653.13,1,2,5,8,At-Risk
1670,4157,4,2817.39,1,2,5,8,At-Risk
1671,4219,4,8148.24,1,2,5,8,At-Risk
1675,4132,3,3451.7,1,2,5,8,At-Risk
1677,4133,4,1650.58,1,2,5,8,At-Risk
1679,4320,3,5674.98,1,2,5,8,At-Risk
1693,4308,3,8584.74,1,2,5,8,At-Risk
1699,4576,3,2705.36,1,2,5,8,At-Risk
1701,4459,3,3376.23,1,2,5,8,At-Risk
1702,4114,5,737.99,1,3,4,8,At-Risk
1711,4917,3,2616.93,1,2,5,8,At-Risk
1718,4302,3,1101.67,1,2,5,8,At-Risk
1720,4965,4,2460.24,1,2,5,8,At-Risk
1722,4394,5,963.73,1,3,4,8,At-Risk
1735,4372,3,3829.56,1,2,5,8,At-Risk
1738,4824,4,2056.76,1,2,5,8,At-Risk
1750,4297,5,719.34,1,3,4,8,At-Risk
1751,4163,4,1001.19,1,2,5,8,At-Risk
1764,5284,3,1304.01,1,2,5,8,At-Risk
1767,4557,3,7201.73,1,2,5,8,At-Risk
1779,4698,3,1049.64,1,2,5,8,At-Risk
1789,4804,4,1823.87,1,2,5,8,At-Risk
1792,4599,3,2965.09,1,2,5,8,At-Risk
1807,4371,3,3300.95,1,2,5,8,At-Risk
1811,4539,3,1260.98,1,2,5,8,At-Risk
1814,5119,4,5461.7,1,2,5,8,At-Risk
1815,4311,3,2109,1,2,5,8,At-Risk
1816,4230,4,2486.05,1,2,5,8,At-Risk
1818,4145,4,1138.13,1,2,5,8,At-Risk
1826,4554,4,2496.52,1,2,5,8,At-Risk
1831,4476,4,1127.05,1,2,5,8,At-Risk
1843,4479,3,5007.18,1,2,5,8,At-Risk
1849,5029,4,3634.25,1,2,5,8,At-Risk
1869,4377,3,4240.17,1,2,5,8,At-Risk
1873,4301,4,2310.92,1,2,5,8,At-Risk
1888,4252,3,4958.3,1,2,5,8,At-Risk
1891,4364,4,3734.71,1,2,5,8,At-Risk
1893,4099,3,4267.96,1,2,5,8,At-Risk
1894,5268,3,4192.66,1,2,5,8,At-Risk
1902,4566,4,2635.27,1,2,5,8,At-Risk
1904,4273,3,1463.82,1,2,5,8,At-Risk
1906,4794,3,3749.58,1,2,5,8,At-Risk
1910,4250,3,2654.83,1,2,5,8,At-Risk
1919,4196,3,1704.14,1,2,5,8,At-Risk
1928,4293,3,2172.98,1,2,5,8,At-Risk
1940,5077,4,2126.65,1,2,5,8,At-Risk
1952,4096,4,9435.72,1,2,5,8,At-Risk
1956,4177,3,2609.6,1,2,5,8,At-Risk
1966,4484,3,3248.67,1,2,5,8,At-Risk
1968,4492,4,1756.4,1,2,5,8,At-Risk
1972,4489,3,4804.61,1,2,5,8,At-Risk
1974,4224,4,2032.52,1,2,5,8,At-Risk
1976,4390,4,1296.89,1,2,5,8,At-Risk
1979,4326,6,671.62,1,3,4,8,At-Risk
1980,4472,4,10018.53,1,2,5,8,At-Risk
1990,4371,4,1105.33,1,2,5,8,At-Risk
1991,4152,3,1114.07,1,2,5,8,At-Risk
1997,4332,4,1084.34,1,2,5,8,At-Risk
2002,4141,3,1556.72,1,2,5,8,At-Risk
2010,4157,4,3734.13,1,2,5,8,At-Risk
2012,4269,4,4366,1,2,5,8,At-Risk
2017,4334,5,912.09,1,3,4,8,At-Risk
2020,4867,4,11925.7,1,2,5,8,At-Risk
2025,4384,7,474.96,1,4,3,8,At-Risk
2026,4071,3,1693.86,1,2,5,8,At-Risk
2030,5267,3,5368.34,1,2,5,8,At-Risk
2037,4311,3,1171.13,1,2,5,8,At-Risk
2041,4130,4,3409.26,1,2,5,8,At-Risk
2044,4178,3,4525.49,1,2,5,8,At-Risk
2050,4078,4,2783.57,1,2,5,8,At-Risk
2071,5203,3,2512.32,1,2,5,8,At-Risk
2085,4505,3,3937.29,1,2,5,8,At-Risk
2100,4227,3,6638.69,1,2,5,8,At-Risk
2110,4072,5,656.7,1,3,4,8,At-Risk
2111,4180,6,663.49,1,3,4,8,At-Risk
2112,4668,3,1854.79,1,2,5,8,At-Risk
2114,4689,6,791.48,1,3,4,8,At-Risk
2115,4682,3,1588.38,1,2,5,8,At-Risk
2119,4333,3,1579.54,1,2,5,8,At-Risk
2127,4250,3,1259.76,1,2,5,8,At-Risk
2143,4311,3,3063.14,1,2,5,8,At-Risk
2151,4218,5,920.94,1,3,4,8,At-Risk
2153,4474,3,2446.62,1,2,5,8,At-Risk
2159,4816,3,1114.5,1,2,5,8,At-Risk
2183,4084,4,4175.74,1,2,5,8,At-Risk
2185,4163,3,1615.65,1,2,5,8,At-Risk
2188,4144,4,10887.77,1,2,5,8,At-Risk
2200,4801,3,4344.75,1,2,5,8,At-Risk
2203,4237,4,3055.17,1,2,5,8,At-Risk
2204,4395,4,7536.87,1,2,5,8,At-Risk
2212,5133,3,2099.71,1,2,5,8,At-Risk
2213,4090,3,1824.31,1,2,5,8,At-Risk
2224,4140,4,10559.33,1,2,5,8,At-Risk
2230,4260,4,4903.29,1,2,5,8,At-Risk
2232,4175,4,1476,1,2,5,8,At-Risk
2249,4287,4,2298.2,1,2,5,8,At-Risk
2264,4671,4,2371.27,1,2,5,8,At-Risk
2268,4241,4,5972.14,1,2,5,8,At-Risk
2281,4423,4,1712.35,1,2,5,8,At-Risk
2302,5345,3,2814.94,1,2,5,8,At-Risk
2313,4416,4,8133.44,1,2,5,8,At-Risk
2323,4256,5,689.88,1,3,4,8,At-Risk
2329,4252,4,1828.24,1,2,5,8,At-Risk
2334,4303,5,940.59,1,3,4,8,At-Risk
2343,4211,4,2858.7,1,2,5,8,At-Risk
2355,4386,3,3688.25,1,2,5,8,At-Risk
2356,4211,3,1520.22,1,2,5,8,At-Risk
2365,4437,3,8013.97,1,2,5,8,At-Risk
2374,4290,4,2099.48,1,2,5,8,At-Risk
2376,4360,4,2069.1,1,2,5,8,At-Risk
2378,4172,4,3998.89,1,2,5,8,At-Risk
2381,4627,3,3536.77,1,2,5,8,At-Risk
2385,4288,4,3375.56,1,2,5,8,At-Risk
2386,4521,3,4771.55,1,2,5,8,At-Risk
2387,4204,4,7329.92,1,2,5,8,At-Risk
2390,4494,3,3870.29,1,2,5,8,At-Risk
2394,5041,3,1348.44,1,2,5,8,At-Risk
2399,4196,4,1268.43,1,2,5,8,At-Risk
2410,4190,5,864.67,1,3,4,8,At-Risk
2417,4194,4,1044.44,1,2,5,8,At-Risk
2420,4174,3,6788.16,1,2,5,8,At-Risk
2429,4089,4,1923.09,1,2,5,8,At-Risk
2432,4703,3,1142.52,1,2,5,8,At-Risk
2447,4242,4,1322.63,1,2,5,8,At-Risk
2454,4209,3,3684.11,1,2,5,8,At-Risk
2455,4313,6,933.42,1,3,4,8,At-Risk
2456,4411,3,2918.42,1,2,5,8,At-Risk
2459,4247,4,1424.13,1,2,5,8,At-Risk
2464,5326,4,2940.62,1,2,5,8,At-Risk
2479,4377,4,2106.19,1,2,5,8,At-Risk
2486,5313,3,2498.2,1,2,5,8,At-Risk
2503,4356,3,2091.93,1,2,5,8,At-Risk
2527,4925,4,1583.62,1,2,5,8,At-Risk
2530,5026,4,1920.93,1,2,5,8,At-Risk
2542,4118,4,2730.02,1,2,5,8,At-Risk
2543,4171,4,3926.15,1,2,5,8,At-Risk
2550,4735,5,629.25,1,3,4,8,At-Risk
2551,4135,5,639.17,1,3,4,8,At-Risk
2563,4925,3,1198.95,1,2,5,8,At-Risk
2564,4231,4,14531.07,1,2,5,8,At-Risk
2567,4216,4,3958.31,1,2,5,8,At-Risk
2572,4624,4,13465.07,1,2,5,8,At-Risk
2574,4199,4,5318.01,1,2,5,8,At-Risk
2581,4426,4,1781.09,1,2,5,8,At-Risk
2585,4357,3,1313.64,1,2,5,8,At-Risk
2588,4167,4,5051.35,1,2,5,8,At-Risk
2624,4268,3,5530.16,1,2,5,8,At-Risk
2637,4389,3,3295.9,1,2,5,8,At-Risk
2642,4171,4,1112.75,1,2,5,8,At-Risk
2644,4686,4,1198.36,1,2,5,8,At-Risk
2652,4198,4,3571.45,1,2,5,8,At-Risk
2656,4352,5,519.69,1,3,4,8,At-Risk
2669,4138,4,12531.37,1,2,5,8,At-Risk
2671,4286,4,7179.92,1,2,5,8,At-Risk
2675,4471,3,6947.12,1,2,5,8,At-Risk
2681,4144,3,1389.8,1,2,5,8,At-Risk
2702,4071,6,748.33,1,3,4,8,At-Risk
2704,4181,5,740.67,1,3,4,8,At-Risk
2705,4645,4,6063.53,1,2,5,8,At-Risk
2708,4794,3,1039.54,1,2,5,8,At-Risk
2709,4793,3,1493.81,1,2,5,8,At-Risk
2710,4261,6,760.7,1,3,4,8,At-Risk
2714,4496,4,5016.07,1,2,5,8,At-Risk
2723,4641,4,1496.61,1,2,5,8,At-Risk
2729,4505,3,4207.65,1,2,5,8,At-Risk
2731,4278,5,775.46,1,3,4,8,At-Risk
2754,4166,3,1053.7,1,2,5,8,At-Risk
2769,4075,4,1418.75,1,2,5,8,At-Risk
2771,4269,6,768.2,1,3,4,8,At-Risk
2783,4130,3,2266.45,1,2,5,8,At-Risk
2792,4074,4,1645.21,1,2,5,8,At-Risk
2796,4692,4,2977.56,1,2,5,8,At-Risk
2801,4208,4,1429.89,1,2,5,8,At-Risk
2813,4309,3,1625.74,1,2,5,8,At-Risk
2842,4406,3,28081.4,1,2,5,8,At-Risk
2847,4092,6,574.55,1,3,4,8,At-Risk
2850,4545,3,3739.53,1,2,5,8,At-Risk
2868,4382,4,5403.41,1,2,5,8,At-Risk
2869,4305,3,5299.08,1,2,5,8,At-Risk
2891,4350,4,2907.56,1,2,5,8,At-Risk
2894,4284,4,2845.63,1,2,5,8,At-Risk
2897,4549,4,1310.85,1,2,5,8,At-Risk
2911,4258,7,396.11,1,4,3,8,At-Risk
2912,4528,3,3837.8,1,2,5,8,At-Risk
2916,4107,4,5223.13,1,2,5,8,At-Risk
2920,4081,3,3577.39,1,2,5,8,At-Risk
2923,5010,3,3302.74,1,2,5,8,At-Risk
2964,4187,3,4162.6,1,2,5,8,At-Risk
2969,4344,4,3310.71,1,2,5,8,At-Risk
2976,4219,3,1479.55,1,2,5,8,At-Risk
2987,4253,4,1819.99,1,2,5,8,At-Risk
2991,4115,3,10133.6,1,2,5,8,At-Risk
3003,4385,3,2143.16,1,2,5,8,At-Risk
3009,4346,3,1270.3,1,2,5,8,At-Risk
3022,4070,4,2776.78,1,2,5,8,At-Risk
3031,4192,4,1847.61,1,2,5,8,At-Risk
3039,4194,4,1087.57,1,2,5,8,At-Risk
3041,4985,3,3386,1,2,5,8,At-Risk
3053,4179,4,4958.5,1,2,5,8,At-Risk
3060,4406,3,2610.61,1,2,5,8,At-Risk
3064,4100,3,6565.06,1,2,5,8,At-Risk
3067,4094,4,9176,1,2,5,8,At-Risk
3084,5021,4,1337.79,1,2,5,8,At-Risk
3086,4464,3,4241.05,1,2,5,8,At-Risk
3087,4374,4,1044.41,1,2,5,8,At-Risk
3102,4452,4,2985.81,1,2,5,8,At-Risk
3103,4088,4,2787.98,1,2,5,8,At-Risk
3105,5265,3,1421.69,1,2,5,8,At-Risk
3108,4078,4,12476.15,1,2,5,8,At-Risk
3109,4172,3,1318.22,1,2,5,8,At-Risk
3112,4318,4,1266.51,1,2,5,8,At-Risk
3116,4571,4,1505.11,1,2,5,8,At-Risk
3118,4253,4,1220.89,1,2,5,8,At-Risk
3129,4184,4,14681.99,1,2,5,8,At-Risk
3134,4192,4,4528.76,1,2,5,8,At-Risk
3145,4357,4,7030.48,1,2,5,8,At-Risk
3156,4086,4,4674.04,1,2,5,8,At-Risk
3168,4329,6,574.93,1,3,4,8,At-Risk
3177,4191,4,1076.62,1,2,5,8,At-Risk
3180,4155,4,3491.5,1,2,5,8,At-Risk
3187,4070,5,729.02,1,3,4,8,At-Risk
3195,4207,4,3362.12,1,2,5,8,At-Risk
3200,4359,6,993.91,1,3,4,8,At-Risk
3201,4272,4,2522.11,1,2,5,8,At-Risk
3208,4445,4,3543.41,1,2,5,8,At-Risk
3209,4193,3,1352.48,1,2,5,8,At-Risk
3228,4177,3,8955.34,1,2,5,8,At-Risk
3230,4411,4,1308.41,1,2,5,8,At-Risk
3233,4440,4,1385.92,1,2,5,8,At-Risk
3235,4765,4,2389.77,1,2,5,8,At-Risk
3244,4110,4,3944.03,1,2,5,8,At-Risk
3254,4947,3,2147.85,1,2,5,8,At-Risk
3262,4666,3,1808.9,1,2,5,8,At-Risk
3273,4185,5,565.48,1,3,4,8,At-Risk
3274,4155,4,1573.83,1,2,5,8,At-Risk
3276,4394,5,600.24,1,3,4,8,At-Risk
3280,4551,3,1958.77,1,2,5,8,At-Risk
3283,4323,4,2477.68,1,2,5,8,At-Risk
3295,4180,5,622.96,1,3,4,8,At-Risk
3325,4136,6,792.54,1,3,4,8,At-Risk
3333,4165,4,2416.22,1,2,5,8,At-Risk
3344,4192,4,3046.85,1,2,5,8,At-Risk
3345,4191,4,3960.24,1,2,5,8,At-Risk
3350,4822,3,1000.98,1,2,5,8,At-Risk
3351,4208,6,979.06,1,3,4,8,At-Risk
3356,4914,4,4010.06,1,2,5,8,At-Risk
3358,4467,3,1031.92,1,2,5,8,At-Risk
3360,4478,3,4963.92,1,2,5,8,At-Risk
3376,4246,3,2555.85,1,2,5,8,At-Risk
3381,4150,4,1194.85,1,2,5,8,At-Risk
3382,4152,4,1067.39,1,2,5,8,At-Risk
3394,4202,4,1382.02,1,2,5,8,At-Risk
3398,4469,3,9154.64,1,2,5,8,At-Risk
3399,4117,4,2308.87,1,2,5,8,At-Risk
3402,4177,4,4646.34,1,2,5,8,At-Risk
5,4658,2,6476.1,1,1,5,7,At-Risk
9,4438,1,1794.27,1,1,5,7,At-Risk
20,4367,3,876.3,1,2,4,7,At-Risk
26,4088,4,872.1,1,2,4,7,At-Risk
35,4281,2,21760.88,1,1,5,7,At-Risk
42,4101,3,749.57,1,2,4,7,At-Risk
50,5074,1,2297.23,1,1,5,7,At-Risk
62,4086,4,986.71,1,2,4,7,At-Risk
65,4676,1,2395.13,1,1,5,7,At-Risk
66,4270,2,2242.49,1,1,5,7,At-Risk
69,4676,1,1835.09,1,1,5,7,At-Risk
70,5495,1,1400.53,1,1,5,7,At-Risk
81,4429,3,907.09,1,2,4,7,At-Risk
96,4361,4,798.05,1,2,4,7,At-Risk
101,4683,2,1838.64,1,1,5,7,At-Risk
107,5433,1,2441.27,1,1,5,7,At-Risk
111,4388,1,1491.45,1,1,5,7,At-Risk
130,4421,3,522.94,1,2,4,7,At-Risk
133,4306,3,705.75,1,2,4,7,At-Risk
134,4098,1,5972.59,1,1,5,7,At-Risk
154,4192,2,4262.43,1,1,5,7,At-Risk
159,4182,4,899.12,1,2,4,7,At-Risk
161,4286,3,685.93,1,2,4,7,At-Risk
167,4447,3,957.94,1,2,4,7,At-Risk
183,4076,1,2324.48,1,1,5,7,At-Risk
200,4187,4,501.46,1,2,4,7,At-Risk
223,4787,2,1931.97,1,1,5,7,At-Risk
260,5049,2,1634.48,1,1,5,7,At-Risk
267,4183,2,4825.99,1,1,5,7,At-Risk
286,5358,2,1196.68,1,1,5,7,At-Risk
296,4079,1,2057.87,1,1,5,7,At-Risk
301,4184,2,9196.47,1,1,5,7,At-Risk
327,4895,3,728.43,1,2,4,7,At-Risk
329,5425,1,1170.21,1,1,5,7,At-Risk
330,4499,1,3309.23,1,1,5,7,At-Risk
332,4499,1,1066.68,1,1,5,7,At-Risk
333,4194,1,4729.71,1,1,5,7,At-Risk
335,5405,2,3833.85,1,1,5,7,At-Risk
345,4381,1,1226.64,1,1,5,7,At-Risk
347,4131,1,3622.93,1,1,5,7,At-Risk
355,4117,2,13016.75,1,1,5,7,At-Risk
358,4136,4,952.57,1,2,4,7,At-Risk
361,4883,1,1116.28,1,1,5,7,At-Risk
363,5079,1,1418.97,1,1,5,7,At-Risk
365,4299,1,1259.4,1,1,5,7,At-Risk
366,5511,1,1967.98,1,1,5,7,At-Risk
377,4661,3,576.22,1,2,4,7,At-Risk
382,4770,4,904.78,1,2,4,7,At-Risk
394,4313,3,599.17,1,2,4,7,At-Risk
404,4159,2,1472.23,1,1,5,7,At-Risk
411,5403,1,1531.31,1,1,5,7,At-Risk
413,5006,1,7099.12,1,1,5,7,At-Risk
420,4561,1,1500,1,1,5,7,At-Risk
423,4878,1,1373.59,1,1,5,7,At-Risk
424,4556,1,3103.28,1,1,5,7,At-Risk
433,4231,1,3071.57,1,1,5,7,At-Risk
438,4084,1,1005.73,1,1,5,7,At-Risk
447,5351,2,1998.36,1,1,5,7,At-Risk
450,4565,2,1200.37,1,1,5,7,At-Risk
461,4125,1,1865.7,1,1,5,7,At-Risk
466,5519,1,1132.84,1,1,5,7,At-Risk
476,4115,2,2007.04,1,1,5,7,At-Risk
477,4835,3,898.08,1,2,4,7,At-Risk
480,4465,2,1599.27,1,1,5,7,At-Risk
482,4437,2,1891.99,1,1,5,7,At-Risk
490,4126,1,1369.41,1,1,5,7,At-Risk
499,4292,3,706.91,1,2,4,7,At-Risk
500,4276,4,903.54,1,2,4,7,At-Risk
511,4482,1,1687.66,1,1,5,7,At-Risk
513,4482,1,3053.38,1,1,5,7,At-Risk
527,4687,1,2931.79,1,1,5,7,At-Risk
535,4914,3,889.62,1,2,4,7,At-Risk
537,4215,3,989.31,1,2,4,7,At-Risk
542,4442,4,745.72,1,2,4,7,At-Risk
543,4101,2,2063.17,1,1,5,7,At-Risk
546,4324,5,456.42,1,3,3,7,At-Risk
547,4978,4,517.99,1,2,4,7,At-Risk
549,4094,5,437.77,1,3,3,7,At-Risk
552,4481,2,12952.66,1,1,5,7,At-Risk
554,4901,2,2256.23,1,1,5,7,At-Risk
574,4128,2,6843.16,1,1,5,7,At-Risk
585,4846,2,6500.06,1,1,5,7,At-Risk
587,4557,1,3828.15,1,1,5,7,At-Risk
614,4472,4,965.91,1,2,4,7,At-Risk
645,4259,2,1823.97,1,1,5,7,At-Risk
653,4326,2,4941.49,1,1,5,7,At-Risk
708,4317,1,1476.16,1,1,5,7,At-Risk
709,4222,1,1978.22,1,1,5,7,At-Risk
722,4172,1,1859.64,1,1,5,7,At-Risk
731,5230,1,1178.32,1,1,5,7,At-Risk
734,4559,1,2051.51,1,1,5,7,At-Risk
736,5362,1,2011.32,1,1,5,7,At-Risk
739,4561,1,1442.19,1,1,5,7,At-Risk
765,4300,2,1035.41,1,1,5,7,At-Risk
779,4930,1,3242.96,1,1,5,7,At-Risk
790,4740,1,2230.31,1,1,5,7,At-Risk
794,4291,1,15503.7,1,1,5,7,At-Risk
806,4722,2,10078.07,1,1,5,7,At-Risk
808,4242,1,2469.01,1,1,5,7,At-Risk
811,4546,1,2048.57,1,1,5,7,At-Risk
813,4434,1,1733.64,1,1,5,7,At-Risk
816,4536,1,3348.27,1,1,5,7,At-Risk
833,4367,3,619.15,1,2,4,7,At-Risk
845,4139,1,1923.81,1,1,5,7,At-Risk
846,4557,1,3356.02,1,1,5,7,At-Risk
848,4448,1,1788.56,1,1,5,7,At-Risk
866,4528,4,870.3,1,2,4,7,At-Risk
875,4889,3,659.96,1,2,4,7,At-Risk
893,4133,3,894.38,1,2,4,7,At-Risk
904,4422,1,3640.52,1,1,5,7,At-Risk
923,4247,2,2897.09,1,1,5,7,At-Risk
929,5432,1,1719.07,1,1,5,7,At-Risk
937,4464,4,900,1,2,4,7,At-Risk
943,4832,1,3491.94,1,1,5,7,At-Risk
946,5285,1,1782.44,1,1,5,7,At-Risk
959,4725,2,1356.94,1,1,5,7,At-Risk
979,4379,2,1532.94,1,1,5,7,At-Risk
987,4421,1,6855.33,1,1,5,7,At-Risk
989,4429,1,1640.59,1,1,5,7,At-Risk
1003,4379,1,1404.09,1,1,5,7,At-Risk
1006,4076,4,552.53,1,2,4,7,At-Risk
1009,4410,2,7026.44,1,1,5,7,At-Risk
1017,4269,3,745.65,1,2,4,7,At-Risk
1021,4464,1,1500.29,1,1,5,7,At-Risk
1032,4236,2,1036.06,1,1,5,7,At-Risk
1036,4715,3,671.79,1,2,4,7,At-Risk
1043,4183,2,2801.75,1,1,5,7,At-Risk
1048,4267,1,1600.41,1,1,5,7,At-Risk
1050,4269,1,3277.49,1,1,5,7,At-Risk
1056,5150,1,1305.9,1,1,5,7,At-Risk
1068,4216,4,588.33,1,2,4,7,At-Risk
1075,4521,2,2161.87,1,1,5,7,At-Risk
1079,4477,2,1311.44,1,1,5,7,At-Risk
1083,4332,2,2782.73,1,1,5,7,At-Risk
1096,4820,1,3447.95,1,1,5,7,At-Risk
1098,4179,1,1458.58,1,1,5,7,At-Risk
1112,5253,2,8226.03,1,1,5,7,At-Risk
1124,5175,1,2653.02,1,1,5,7,At-Risk
1135,4820,1,6637.78,1,1,5,7,At-Risk
1151,4443,2,13591.76,1,1,5,7,At-Risk
1153,4190,2,1773.48,1,1,5,7,At-Risk
1155,5016,3,662.98,1,2,4,7,At-Risk
1156,5303,1,1013.84,1,1,5,7,At-Risk
1162,4835,1,1701.4,1,1,5,7,At-Risk
1166,4457,1,10020.48,1,1,5,7,At-Risk
1176,4320,3,796.45,1,2,4,7,At-Risk
1186,4333,2,4070.73,1,1,5,7,At-Risk
1187,5001,1,1470.94,1,1,5,7,At-Risk
1189,4551,5,403.02,1,3,3,7,At-Risk
1197,5451,1,1350.94,1,1,5,7,At-Risk
1200,5291,1,1125.76,1,1,5,7,At-Risk
1227,5409,1,1282.67,1,1,5,7,At-Risk
1234,4388,4,537.14,1,2,4,7,At-Risk
1236,4864,2,1415.27,1,1,5,7,At-Risk
1247,4830,3,627.46,1,2,4,7,At-Risk
1248,4288,2,2144.96,1,1,5,7,At-Risk
1255,4300,1,1769.17,1,1,5,7,At-Risk
1258,4955,1,1338.38,1,1,5,7,At-Risk
1264,4329,3,971.85,1,2,4,7,At-Risk
1268,4124,3,996.73,1,2,4,7,At-Risk
1276,4834,1,1771.4,1,1,5,7,At-Risk
1296,4089,2,3042.48,1,1,5,7,At-Risk
1307,4231,4,698.41,1,2,4,7,At-Risk
1324,4830,1,1586.06,1,1,5,7,At-Risk
1326,4966,1,1669.48,1,1,5,7,At-Risk
1336,4299,1,2768.4,1,1,5,7,At-Risk
1352,4235,3,512.52,1,2,4,7,At-Risk
1358,4128,2,1139.76,1,1,5,7,At-Risk
1363,4474,5,412.54,1,3,3,7,At-Risk
1364,4476,2,1019.84,1,1,5,7,At-Risk
1365,4981,1,1591.33,1,1,5,7,At-Risk
1371,4610,4,549.78,1,2,4,7,At-Risk
1377,4169,1,2647.51,1,1,5,7,At-Risk
1378,4166,2,2036.84,1,1,5,7,At-Risk
1381,5035,1,1181.49,1,1,5,7,At-Risk
1386,4134,4,878.08,1,2,4,7,At-Risk
1397,4875,1,4760.67,1,1,5,7,At-Risk
1400,4873,1,7144.04,1,1,5,7,At-Risk
1419,5170,1,2376.12,1,1,5,7,At-Risk
1422,4348,2,3403.49,1,1,5,7,At-Risk
1429,4412,2,6712.09,1,1,5,7,At-Risk
1435,4099,3,994.83,1,2,4,7,At-Risk
1443,4250,2,1512.5,1,1,5,7,At-Risk
1447,4253,3,844.15,1,2,4,7,At-Risk
1464,5120,1,1352.95,1,1,5,7,At-Risk
1469,5363,2,1379.91,1,1,5,7,At-Risk
1476,4237,2,3806.55,1,1,5,7,At-Risk
1486,4560,2,3308.94,1,1,5,7,At-Risk
1495,4604,5,376.61,1,3,3,7,At-Risk
1496,4809,2,3604.21,1,1,5,7,At-Risk
1500,4130,2,1976.41,1,1,5,7,At-Risk
1509,4179,2,1756.97,1,1,5,7,At-Risk
1512,5121,2,1207.85,1,1,5,7,At-Risk
1517,4118,1,2359.25,1,1,5,7,At-Risk
1518,4119,1,1607.81,1,1,5,7,At-Risk
1519,5182,1,1030.51,1,1,5,7,At-Risk
1520,4188,1,2677.07,1,1,5,7,At-Risk
1522,4730,2,2064.04,1,1,5,7,At-Risk
1559,5423,1,1088.26,1,1,5,7,At-Risk
1563,4332,2,3972.24,1,1,5,7,At-Risk
1565,4449,2,1605.78,1,1,5,7,At-Risk
1577,4132,2,1852.16,1,1,5,7,At-Risk
1581,4903,1,1754.94,1,1,5,7,At-Risk
1583,4906,1,9629.91,1,1,5,7,At-Risk
1591,4658,2,4695.5,1,1,5,7,At-Risk
1596,4664,2,2349.52,1,1,5,7,At-Risk
1597,4689,1,1552.64,1,1,5,7,At-Risk
1610,4141,1,12163.61,1,1,5,7,At-Risk
1622,4754,2,1119.5,1,1,5,7,At-Risk
1627,4197,2,1833.01,1,1,5,7,At-Risk
1629,4374,1,2365.75,1,1,5,7,At-Risk
1638,4810,1,1287.55,1,1,5,7,At-Risk
1640,4187,1,1537.88,1,1,5,7,At-Risk
1641,4339,1,3416.68,1,1,5,7,At-Risk
1684,4088,4,875.39,1,2,4,7,At-Risk
1686,4322,4,971.25,1,2,4,7,At-Risk
1696,4162,3,566.72,1,2,4,7,At-Risk
1697,4192,3,683.74,1,2,4,7,At-Risk
1719,4824,4,943.21,1,2,4,7,At-Risk
1725,4756,2,5057.09,1,1,5,7,At-Risk
1731,4551,1,6357.11,1,1,5,7,At-Risk
1744,4172,4,827.09,1,2,4,7,At-Risk
1747,4433,2,5967.69,1,1,5,7,At-Risk
1749,4202,3,510.04,1,2,4,7,At-Risk
1754,5284,3,825.32,1,2,4,7,At-Risk
1755,4345,4,544.81,1,2,4,7,At-Risk
1763,4466,4,726.45,1,2,4,7,At-Risk
1771,4253,3,827.88,1,2,4,7,At-Risk
1775,4086,3,529.83,1,2,4,7,At-Risk
1776,4946,4,824.91,1,2,4,7,At-Risk
1784,4087,1,2204.14,1,1,5,7,At-Risk
1786,4085,2,16808.41,1,1,5,7,At-Risk
1798,4502,2,1090.7,1,1,5,7,At-Risk
1804,4414,1,1669.05,1,1,5,7,At-Risk
1817,4145,4,505.16,1,2,4,7,At-Risk
1828,4242,5,307.23,1,3,3,7,At-Risk
1837,4273,5,371.72,1,3,3,7,At-Risk
1856,4276,1,2822.61,1,1,5,7,At-Risk
1858,4281,1,4813.78,1,1,5,7,At-Risk
1859,4478,1,4390.32,1,1,5,7,At-Risk
1863,4488,1,3028.25,1,1,5,7,At-Risk
1865,5038,1,1166.13,1,1,5,7,At-Risk
1870,4378,1,1011.56,1,1,5,7,At-Risk
1876,4207,1,1424.62,1,1,5,7,At-Risk
1885,5284,1,7029.1,1,1,5,7,At-Risk
1889,4851,2,1235.02,1,1,5,7,At-Risk
1890,4275,5,459.88,1,3,3,7,At-Risk
1901,4387,1,3341.96,1,1,5,7,At-Risk
1907,4231,3,959.15,1,2,4,7,At-Risk
1908,4226,3,646.27,1,2,4,7,At-Risk
1914,4274,1,1432.3,1,1,5,7,At-Risk
1916,5422,2,1095.16,1,1,5,7,At-Risk
1925,4422,2,2132.43,1,1,5,7,At-Risk
1934,4542,3,629.53,1,2,4,7,At-Risk
1948,5048,2,1969.48,1,1,5,7,At-Risk
1950,4247,4,854.58,1,2,4,7,At-Risk
1955,4852,1,5647.74,1,1,5,7,At-Risk
1958,4177,3,970.72,1,2,4,7,At-Risk
1960,4804,2,5671.14,1,1,5,7,At-Risk
1978,4450,2,6347.19,1,1,5,7,At-Risk
1983,4101,3,635.69,1,2,4,7,At-Risk
1984,4101,2,1612.55,1,1,5,7,At-Risk
1986,4594,4,859.4,1,2,4,7,At-Risk
1988,4589,2,1064.36,1,1,5,7,At-Risk
2000,5040,2,1818.73,1,1,5,7,At-Risk
2014,5103,4,501.87,1,2,4,7,At-Risk
2038,4198,2,2216.37,1,1,5,7,At-Risk
2047,4078,1,2128.8,1,1,5,7,At-Risk
2056,4091,2,1021.26,1,1,5,7,At-Risk
2088,4137,3,566.16,1,2,4,7,At-Risk
2090,4071,2,6530.28,1,1,5,7,At-Risk
2097,5421,1,1094.33,1,1,5,7,At-Risk
2101,4108,4,863.53,1,2,4,7,At-Risk
2106,5029,2,1465.14,1,1,5,7,At-Risk
2117,5235,2,8412.62,1,1,5,7,At-Risk
2121,4669,2,1101.93,1,1,5,7,At-Risk
2130,4814,5,478.9,1,3,3,7,At-Risk
2138,4338,5,239.45,1,3,3,7,At-Risk
2155,4233,2,2344.37,1,1,5,7,At-Risk
2156,4259,3,708.63,1,2,4,7,At-Risk
2193,5302,2,1414.13,1,1,5,7,At-Risk
2198,4982,3,996.53,1,2,4,7,At-Risk
2227,4326,3,581.53,1,2,4,7,At-Risk
2231,4414,2,3208.78,1,1,5,7,At-Risk
2237,5011,1,1369.95,1,1,5,7,At-Risk
2238,5011,1,5308.57,1,1,5,7,At-Risk
2245,4658,4,535.3,1,2,4,7,At-Risk
2250,4512,4,754.26,1,2,4,7,At-Risk
2251,4225,1,7499.07,1,1,5,7,At-Risk
2285,4671,2,1536.25,1,1,5,7,At-Risk
2300,4194,2,2137.96,1,1,5,7,At-Risk
2305,4806,2,7831.6,1,1,5,7,At-Risk
2318,4266,1,2044.84,1,1,5,7,At-Risk
2341,4172,2,4209.86,1,1,5,7,At-Risk
2345,5456,2,2117.31,1,1,5,7,At-Risk
2366,4327,4,905.52,1,2,4,7,At-Risk
2371,4855,2,1978.67,1,1,5,7,At-Risk
2379,5403,1,1477.84,1,1,5,7,At-Risk
2393,5343,2,1219.16,1,1,5,7,At-Risk
2397,4120,2,1077.05,1,1,5,7,At-Risk
2398,4115,5,427.96,1,3,3,7,At-Risk
2404,4810,1,1148.09,1,1,5,7,At-Risk
2405,4209,1,4531.22,1,1,5,7,At-Risk
2414,5094,1,2920.42,1,1,5,7,At-Risk
2415,4121,1,1894.06,1,1,5,7,At-Risk
2422,5325,2,1899.64,1,1,5,7,At-Risk
2433,4313,4,862.81,1,2,4,7,At-Risk
2437,4294,4,947.01,1,2,4,7,At-Risk
2462,4634,3,502.34,1,2,4,7,At-Risk
2476,4153,2,3047.08,1,1,5,7,At-Risk
2502,4356,3,717.67,1,2,4,7,At-Risk
2505,5012,2,1339.57,1,1,5,7,At-Risk
2507,5189,1,10180.01,1,1,5,7,At-Risk
2521,4826,2,3916.93,1,1,5,7,At-Risk
2522,5188,1,7303.05,1,1,5,7,At-Risk
2526,4507,2,2730.66,1,1,5,7,At-Risk
2534,4182,2,1528.18,1,1,5,7,At-Risk
2536,4076,1,1305.9,1,1,5,7,At-Risk
2540,4236,4,575.63,1,2,4,7,At-Risk
2546,4074,5,344.28,1,3,3,7,At-Risk
2568,4228,3,604.74,1,2,4,7,At-Risk
2583,5187,2,1638.83,1,1,5,7,At-Risk
2587,4770,4,925.82,1,2,4,7,At-Risk
2598,4493,1,3749.02,1,1,5,7,At-Risk
2600,4074,1,3406.97,1,1,5,7,At-Risk
2603,5251,1,3705.14,1,1,5,7,At-Risk
2606,4492,1,2014.57,1,1,5,7,At-Risk
2616,4483,2,1565.95,1,1,5,7,At-Risk
2629,4140,6,388.2,1,3,3,7,At-Risk
2635,5109,4,808.55,1,2,4,7,At-Risk
2649,5065,3,993.5,1,2,4,7,At-Risk
2687,4169,1,1342.12,1,1,5,7,At-Risk
2698,4418,3,622.74,1,2,4,7,At-Risk
2700,4345,2,6503.04,1,1,5,7,At-Risk
2712,4116,2,4953.14,1,1,5,7,At-Risk
2721,4210,1,2232.66,1,1,5,7,At-Risk
2737,5377,2,1015.25,1,1,5,7,At-Risk
2740,4568,2,1217.71,1,1,5,7,At-Risk
2745,4396,2,2631.15,1,1,5,7,At-Risk
2758,4168,1,1590.44,1,1,5,7,At-Risk
2762,4093,1,4854.32,1,1,5,7,At-Risk
2763,5133,1,1006.82,1,1,5,7,At-Risk
2766,4826,1,5155.36,1,1,5,7,At-Risk
2775,5495,1,4146.28,1,1,5,7,At-Risk
2776,5515,2,3916.27,1,1,5,7,At-Risk
2790,4177,1,2296.42,1,1,5,7,At-Risk
2799,4330,2,4560.01,1,1,5,7,At-Risk
2806,4671,1,3969.21,1,1,5,7,At-Risk
2828,4728,3,671.87,1,2,4,7,At-Risk
2833,5260,2,1417.42,1,1,5,7,At-Risk
2840,5183,4,938.45,1,2,4,7,At-Risk
2841,4893,2,1435.42,1,1,5,7,At-Risk
2843,4410,2,6962.6,1,1,5,7,At-Risk
2851,4780,2,1056.61,1,1,5,7,At-Risk
2856,4340,2,4034.57,1,1,5,7,At-Risk
2864,4964,1,2311.15,1,1,5,7,At-Risk
2866,4833,1,2280.11,1,1,5,7,At-Risk
2870,4304,2,3877.81,1,1,5,7,At-Risk
2892,5293,1,2125.12,1,1,5,7,At-Risk
2903,4268,4,524.15,1,2,4,7,At-Risk
2905,4493,1,2106.63,1,1,5,7,At-Risk
2910,4625,2,3226.07,1,1,5,7,At-Risk
2926,4151,6,321.9,1,3,3,7,At-Risk
2947,4188,4,567.56,1,2,4,7,At-Risk
2955,4130,3,523.24,1,2,4,7,At-Risk
2958,4334,3,544.08,1,2,4,7,At-Risk
2970,4524,2,1244.49,1,1,5,7,At-Risk
2974,4108,1,2444.33,1,1,5,7,At-Risk
2985,4429,1,3122.93,1,1,5,7,At-Risk
2998,4153,3,591.75,1,2,4,7,At-Risk
3010,4139,2,1490.53,1,1,5,7,At-Risk
3025,4702,2,2920.2,1,1,5,7,At-Risk
3027,4318,1,1132.94,1,1,5,7,At-Risk
3038,4366,1,1993.17,1,1,5,7,At-Risk
3062,4317,3,843.73,1,2,4,7,At-Risk
3072,4191,3,543.97,1,2,4,7,At-Risk
3094,4537,2,3079.49,1,1,5,7,At-Risk
3095,4643,2,1071.56,1,1,5,7,At-Risk
3126,4328,2,2302.22,1,1,5,7,At-Risk
3131,4387,2,1296.59,1,1,5,7,At-Risk
3136,5296,1,3596.03,1,1,5,7,At-Risk
3137,5187,1,2353.55,1,1,5,7,At-Risk
3139,5221,1,7974.21,1,1,5,7,At-Risk
3162,4306,2,1479.82,1,1,5,7,At-Risk
3163,4316,4,996.79,1,2,4,7,At-Risk
3181,4846,2,1047.09,1,1,5,7,At-Risk
3184,4120,2,3319.72,1,1,5,7,At-Risk
3213,4173,2,1176.25,1,1,5,7,At-Risk
3214,4158,5,412.55,1,3,3,7,At-Risk
3215,4157,1,6506.17,1,1,5,7,At-Risk
3222,4386,3,513.67,1,2,4,7,At-Risk
3248,4786,2,2227.43,1,1,5,7,At-Risk
3265,4070,4,816.71,1,2,4,7,At-Risk
3266,5320,1,1794.88,1,1,5,7,At-Risk
3282,4622,2,1030.19,1,1,5,7,At-Risk
3294,4332,1,1699.26,1,1,5,7,At-Risk
3300,4110,2,2975.5,1,1,5,7,At-Risk
3302,4508,2,5201.03,1,1,5,7,At-Risk
3320,4699,4,946.08,1,2,4,7,At-Risk
3324,4758,3,602.21,1,2,4,7,At-Risk
3334,4601,1,1772.96,1,1,5,7,At-Risk
3341,4166,4,796.43,1,2,4,7,At-Risk
3372,4397,3,572.95,1,2,4,7,At-Risk
3378,4079,2,1207.83,1,1,5,7,At-Risk
3388,4567,3,964.3,1,2,4,7,At-Risk
8,4439,1,705.47,1,1,4,6,At-Risk
39,4268,3,221.51,1,2,3,6,At-Risk
45,4533,2,588.61,1,1,4,6,At-Risk
60,4232,3,317.57,1,2,3,6,At-Risk
73,4131,1,526.36,1,1,4,6,At-Risk
76,4697,1,763.15,1,1,4,6,At-Risk
123,4150,2,563.66,1,1,4,6,At-Risk
136,4111,4,292.2,1,2,3,6,At-Risk
163,4283,2,872.9,1,1,4,6,At-Risk
175,4324,2,638.49,1,1,4,6,At-Risk
186,4857,1,794.58,1,1,4,6,At-Risk
196,4070,3,269.58,1,2,3,6,At-Risk
202,5121,3,480.84,1,2,3,6,At-Risk
205,4554,1,745.91,1,1,4,6,At-Risk
215,4078,3,316.46,1,2,3,6,At-Risk
218,5185,1,730.37,1,1,4,6,At-Risk
220,4555,2,576.33,1,1,4,6,At-Risk
238,4307,3,451.92,1,2,3,6,At-Risk
274,4288,2,796.73,1,1,4,6,At-Risk
284,4755,1,771.99,1,1,4,6,At-Risk
311,5032,1,588.55,1,1,4,6,At-Risk
341,4126,1,815.75,1,1,4,6,At-Risk
362,4300,1,819.95,1,1,4,6,At-Risk
364,4299,1,629.27,1,1,4,6,At-Risk
367,4332,1,850.16,1,1,4,6,At-Risk
383,4952,3,473.09,1,2,3,6,At-Risk
385,4413,2,745.58,1,1,4,6,At-Risk
399,4144,2,959.37,1,1,4,6,At-Risk
421,5491,1,919.09,1,1,4,6,At-Risk
434,5002,1,933.72,1,1,4,6,At-Risk
436,4233,1,825.24,1,1,4,6,At-Risk
437,5352,1,952.26,1,1,4,6,At-Risk
443,4151,3,200.22,1,2,3,6,At-Risk
444,4105,2,517.1,1,1,4,6,At-Risk
465,4138,2,679.37,1,1,4,6,At-Risk
496,4334,2,590.08,1,1,4,6,At-Risk
505,4412,3,493.59,1,2,3,6,At-Risk
506,4370,1,535.53,1,1,4,6,At-Risk
515,4482,1,547.08,1,1,4,6,At-Risk
518,4759,3,447.04,1,2,3,6,At-Risk
561,4630,3,456.95,1,2,3,6,At-Risk
578,5396,1,515.88,1,1,4,6,At-Risk
580,5396,1,578.24,1,1,4,6,At-Risk
583,5088,1,834.63,1,1,4,6,At-Risk
586,4557,1,726.85,1,1,4,6,At-Risk
613,4129,3,219.48,1,2,3,6,At-Risk
622,5471,1,948.97,1,1,4,6,At-Risk
655,4811,1,588.86,1,1,4,6,At-Risk
656,4081,1,777.11,1,1,4,6,At-Risk
658,4156,1,722.24,1,1,4,6,At-Risk
659,5510,1,615.54,1,1,4,6,At-Risk
673,4581,2,853.52,1,1,4,6,At-Risk
676,4210,2,890.59,1,1,4,6,At-Risk
681,4136,1,727.19,1,1,4,6,At-Risk
686,4785,3,465.34,1,2,3,6,At-Risk
695,4204,2,906.68,1,1,4,6,At-Risk
705,4868,1,543.2,1,1,4,6,At-Risk
717,5122,2,529.78,1,1,4,6,At-Risk
721,4392,4,280.92,1,2,3,6,At-Risk
728,4274,1,828.12,1,1,4,6,At-Risk
737,5365,1,612.25,1,1,4,6,At-Risk
760,4748,3,387.81,1,2,3,6,At-Risk
764,4143,4,452.85,1,2,3,6,At-Risk
783,5524,1,614.99,1,1,4,6,At-Risk
800,5254,2,694.91,1,1,4,6,At-Risk
835,4786,1,817.2,1,1,4,6,At-Risk
855,5225,1,606.51,1,1,4,6,At-Risk
881,4431,3,321.09,1,2,3,6,At-Risk
910,5092,2,724.1,1,1,4,6,At-Risk
941,4198,2,824.43,1,1,4,6,At-Risk
948,4963,1,532.6,1,1,4,6,At-Risk
967,4257,1,830.43,1,1,4,6,At-Risk
988,5153,1,611.04,1,1,4,6,At-Risk
990,5082,1,632.01,1,1,4,6,At-Risk
994,5272,1,810.47,1,1,4,6,At-Risk
998,4138,1,595.99,1,1,4,6,At-Risk
1005,5289,2,962.61,1,1,4,6,At-Risk
1039,4328,2,830.72,1,1,4,6,At-Risk
1057,5150,1,612.79,1,1,4,6,At-Risk
1059,5048,1,618.31,1,1,4,6,At-Risk
1065,4230,3,475.04,1,2,3,6,At-Risk
1081,4078,3,461.8,1,2,3,6,At-Risk
1097,4179,1,643.76,1,1,4,6,At-Risk
1101,4125,3,435.51,1,2,3,6,At-Risk
1115,4201,2,916.85,1,1,4,6,At-Risk
1141,4221,4,426.44,1,2,3,6,At-Risk
1157,4941,1,712.88,1,1,4,6,At-Risk
1165,4458,1,734.75,1,1,4,6,At-Risk
1172,4578,1,869.24,1,1,4,6,At-Risk
1190,4351,4,257.5,1,2,3,6,At-Risk
1201,4286,1,638.9,1,1,4,6,At-Risk
1202,5292,1,746.03,1,1,4,6,At-Risk
1203,5166,1,593.33,1,1,4,6,At-Risk
1220,4632,1,844.95,1,1,4,6,At-Risk
1222,4717,1,518.24,1,1,4,6,At-Risk
1223,4442,1,600.07,1,1,4,6,At-Risk
1229,4386,3,244.12,1,2,3,6,At-Risk
1244,4892,2,525.43,1,1,4,6,At-Risk
1251,4297,3,328.24,1,2,3,6,At-Risk
1267,4421,4,476.49,1,2,3,6,At-Risk
1278,4941,2,635.32,1,1,4,6,At-Risk
1293,4242,2,543.63,1,1,4,6,At-Risk
1333,5029,1,995.58,1,1,4,6,At-Risk
1334,4589,1,673.36,1,1,4,6,At-Risk
1338,5308,1,761.16,1,1,4,6,At-Risk
1341,4205,4,363.63,1,2,3,6,At-Risk
1344,4214,2,640.51,1,1,4,6,At-Risk
1346,4127,4,214.05,1,2,3,6,At-Risk
1351,5320,1,627.78,1,1,4,6,At-Risk
1354,4274,4,258.28,1,2,3,6,At-Risk
1383,4442,3,254.44,1,2,3,6,At-Risk
1403,4355,1,658.71,1,1,4,6,At-Risk
1408,4453,2,989.63,1,1,4,6,At-Risk
1432,4110,3,479.85,1,2,3,6,At-Risk
1439,4343,2,734.16,1,1,4,6,At-Risk
1441,4839,1,793.23,1,1,4,6,At-Risk
1446,4279,2,535.2,1,1,4,6,At-Risk
1453,4428,1,617.22,1,1,4,6,At-Risk
1467,4081,1,557.32,1,1,4,6,At-Risk
1482,4592,3,253.35,1,2,3,6,At-Risk
1505,4358,3,496.85,1,2,3,6,At-Risk
1540,4163,4,369.38,1,2,3,6,At-Risk
1566,4117,2,522.5,1,1,4,6,At-Risk
1571,4397,3,354.42,1,2,3,6,At-Risk
1578,4314,1,706.22,1,1,4,6,At-Risk
1587,4459,2,551.98,1,1,4,6,At-Risk
1599,4817,2,631.56,1,1,4,6,At-Risk
1632,4658,3,372.8,1,2,3,6,At-Risk
1662,4377,3,287.12,1,2,3,6,At-Risk
1715,4670,2,638.46,1,1,4,6,At-Risk
1728,5294,1,546.21,1,1,4,6,At-Risk
1741,4222,3,217.78,1,2,3,6,At-Risk
1752,4163,4,253.76,1,2,3,6,At-Risk
1758,4097,1,504.44,1,1,4,6,At-Risk
1770,4920,3,466.72,1,2,3,6,At-Risk
1785,4086,1,918.97,1,1,4,6,At-Risk
1799,4155,3,430.43,1,2,3,6,At-Risk
1819,4357,3,415.73,1,2,3,6,At-Risk
1829,5334,4,459.47,1,2,3,6,At-Risk
1833,4560,3,244.74,1,2,3,6,At-Risk
1840,5256,1,535.08,1,1,4,6,At-Risk
1853,4239,1,776.26,1,1,4,6,At-Risk
1854,4478,2,555.3,1,1,4,6,At-Risk
1864,4623,1,688.73,1,1,4,6,At-Risk
1872,4192,3,340.08,1,2,3,6,At-Risk
1880,4281,1,895.67,1,1,4,6,At-Risk
1912,4862,1,565.68,1,1,4,6,At-Risk
1921,4992,1,628.82,1,1,4,6,At-Risk
1922,4986,1,567.19,1,1,4,6,At-Risk
1936,4355,1,594.18,1,1,4,6,At-Risk
1939,4745,3,415.21,1,2,3,6,At-Risk
1942,4156,2,588.81,1,1,4,6,At-Risk
1945,4240,3,465.31,1,2,3,6,At-Risk
1963,4516,4,217.6,1,2,3,6,At-Risk
1970,4836,1,755.57,1,1,4,6,At-Risk
2032,4906,1,960.75,1,1,4,6,At-Risk
2035,4409,3,426.51,1,2,3,6,At-Risk
2049,4553,3,496.19,1,2,3,6,At-Risk
2055,4293,2,504.38,1,1,4,6,At-Risk
2075,4206,4,224.17,1,2,3,6,At-Risk
2135,5311,1,556.61,1,1,4,6,At-Risk
2146,4194,4,295.49,1,2,3,6,At-Risk
2168,4250,1,589.97,1,1,4,6,At-Risk
2177,5060,1,746.05,1,1,4,6,At-Risk
2180,5058,1,517.31,1,1,4,6,At-Risk
2181,4736,1,511.1,1,1,4,6,At-Risk
2210,4472,2,599.58,1,1,4,6,At-Risk
2211,4472,3,378.41,1,2,3,6,At-Risk
2218,4070,3,255.36,1,2,3,6,At-Risk
2243,4393,3,288.01,1,2,3,6,At-Risk
2248,4155,3,403.35,1,2,3,6,At-Risk
2277,4067,3,400.58,1,2,3,6,At-Risk
2289,4199,3,315.03,1,2,3,6,At-Risk
2296,4532,1,831.22,1,1,4,6,At-Risk
2297,4299,1,613.34,1,1,4,6,At-Risk
2311,4564,1,629.81,1,1,4,6,At-Risk
2320,4744,1,679.63,1,1,4,6,At-Risk
2325,4199,1,544.94,1,1,4,6,At-Risk
2326,5029,1,638.44,1,1,4,6,At-Risk
2351,4415,4,273.12,1,2,3,6,At-Risk
2363,4272,3,246.86,1,2,3,6,At-Risk
2372,4197,3,366.49,1,2,3,6,At-Risk
2406,4209,1,848.25,1,1,4,6,At-Risk
2413,4121,1,844.4,1,1,4,6,At-Risk
2439,4959,2,528.9,1,1,4,6,At-Risk
2441,5253,1,709.7,1,1,4,6,At-Risk
2451,5098,2,676.08,1,1,4,6,At-Risk
2473,4377,1,755.55,1,1,4,6,At-Risk
2481,4241,3,484.86,1,2,3,6,At-Risk
2517,4313,1,871.17,1,1,4,6,At-Risk
2533,4078,1,596.07,1,1,4,6,At-Risk
2556,4645,1,642.71,1,1,4,6,At-Risk
2592,4878,3,448.72,1,2,3,6,At-Risk
2604,5251,1,945.36,1,1,4,6,At-Risk
2620,4415,4,475.41,1,2,3,6,At-Risk
2623,4667,4,364.43,1,2,3,6,At-Risk
2634,5128,1,693.46,1,1,4,6,At-Risk
2647,4949,3,271.03,1,2,3,6,At-Risk
2660,5473,1,599.03,1,1,4,6,At-Risk
2677,4393,3,463.54,1,2,3,6,At-Risk
2678,4077,4,335.62,1,2,3,6,At-Risk
2693,4170,2,721.23,1,1,4,6,At-Risk
2696,5465,1,612.92,1,1,4,6,At-Risk
2701,4491,1,955.12,1,1,4,6,At-Risk
2744,4547,1,974.42,1,1,4,6,At-Risk
2780,4089,4,299.29,1,2,3,6,At-Risk
2805,4673,1,559.84,1,1,4,6,At-Risk
2809,4860,1,814.88,1,1,4,6,At-Risk
2812,4278,2,640.36,1,1,4,6,At-Risk
2827,4188,2,523.34,1,1,4,6,At-Risk
2831,4163,3,290.44,1,2,3,6,At-Risk
2835,4242,2,983.84,1,1,4,6,At-Risk
2846,4304,4,481.36,1,2,3,6,At-Risk
2876,4229,4,301.32,1,2,3,6,At-Risk
2883,4883,3,356.78,1,2,3,6,At-Risk
2887,4475,1,517.82,1,1,4,6,At-Risk
2899,4658,2,755.7,1,1,4,6,At-Risk
2907,4174,2,518.89,1,1,4,6,At-Risk
2917,4129,2,989.14,1,1,4,6,At-Risk
2918,4081,2,627.2,1,1,4,6,At-Risk
2919,4091,1,534.3,1,1,4,6,At-Risk
2938,5232,1,931.87,1,1,4,6,At-Risk
2942,4500,1,765.89,1,1,4,6,At-Risk
2948,4369,3,428.81,1,2,3,6,At-Risk
2960,4100,3,457.19,1,2,3,6,At-Risk
2962,4350,4,372.02,1,2,3,6,At-Risk
2966,4443,3,351.03,1,2,3,6,At-Risk
2979,5363,4,331.37,1,2,3,6,At-Risk
2992,4357,3,280.51,1,2,3,6,At-Risk
3029,4238,2,963.64,1,1,4,6,At-Risk
3035,4236,3,475.98,1,2,3,6,At-Risk
3049,4152,1,847.77,1,1,4,6,At-Risk
3100,4578,3,293.87,1,2,3,6,At-Risk
3153,4173,3,289,1,2,3,6,At-Risk
3157,4778,2,710.45,1,1,4,6,At-Risk
3159,5141,1,589.88,1,1,4,6,At-Risk
3165,4383,2,618.84,1,1,4,6,At-Risk
3169,4386,3,396.28,1,2,3,6,At-Risk
3191,4275,4,475.64,1,2,3,6,At-Risk
3194,4628,3,280.05,1,2,3,6,At-Risk
3211,4204,3,490.72,1,2,3,6,At-Risk
3220,5093,1,520.47,1,1,4,6,At-Risk
3221,4388,3,407.97,1,2,3,6,At-Risk
3226,5166,4,470.06,1,2,3,6,At-Risk
3231,4410,4,246.65,1,2,3,6,At-Risk
3238,5009,2,603.72,1,1,4,6,At-Risk
3242,4156,2,531.3,1,1,4,6,At-Risk
3267,4613,1,633.43,1,1,4,6,At-Risk
3269,5319,1,765.04,1,1,4,6,At-Risk
3277,4083,1,779.47,1,1,4,6,At-Risk
3313,4200,1,780.77,1,1,4,6,At-Risk
3321,4692,3,246.36,1,2,3,6,At-Risk
3330,4204,2,760.71,1,1,4,6,At-Risk
3343,4307,1,570.89,1,1,4,6,At-Risk
3352,5152,2,916.17,1,1,4,6,At-Risk
3403,4177,2,678.98,1,1,4,6,At-Risk
7,4495,1,232.95,1,1,3,5,At-Risk
10,4887,1,206.95,1,1,3,5,At-Risk
11,5301,1,211.15,1,1,3,5,At-Risk
19,5387,1,231.79,1,1,3,5,At-Risk
28,4328,2,229.44,1,1,3,5,At-Risk
36,4466,2,346.79,1,1,3,5,At-Risk
46,4531,2,463.01,1,1,3,5,At-Risk
75,4696,1,323.34,1,1,3,5,At-Risk
88,4816,1,462.34,1,1,3,5,At-Risk
90,4762,1,340.42,1,1,3,5,At-Risk
100,4388,1,228.27,1,1,3,5,At-Risk
103,5109,1,329.95,1,1,3,5,At-Risk
114,4072,4,156.11,1,2,2,5,At-Risk
125,4191,2,208.18,1,1,3,5,At-Risk
142,5376,1,312.59,1,1,3,5,At-Risk
184,5478,1,250.5,1,1,3,5,At-Risk
188,5203,2,267.89,1,1,3,5,At-Risk
193,5256,2,364.42,1,1,3,5,At-Risk
230,4793,2,253.22,1,1,3,5,At-Risk
237,4734,2,454.39,1,1,3,5,At-Risk
252,4095,1,203.59,1,1,3,5,At-Risk
268,5426,2,229.44,1,1,3,5,At-Risk
282,5388,1,416.95,1,1,3,5,At-Risk
292,4638,2,424.44,1,1,3,5,At-Risk
294,4602,1,266.66,1,1,3,5,At-Risk
295,4832,1,395.61,1,1,3,5,At-Risk
297,4830,1,357.74,1,1,3,5,At-Risk
318,4470,1,374.38,1,1,3,5,At-Risk
322,4391,1,264.34,1,1,3,5,At-Risk
331,5424,1,243.32,1,1,3,5,At-Risk
370,5381,1,266.39,1,1,3,5,At-Risk
374,4515,2,221.76,1,1,3,5,At-Risk
392,4368,3,122.29,1,2,2,5,At-Risk
403,5067,1,468.99,1,1,3,5,At-Risk
414,5011,1,290.71,1,1,3,5,At-Risk
415,5030,1,296.34,1,1,3,5,At-Risk
439,4087,1,303.72,1,1,3,5,At-Risk
460,5196,1,492.9,1,1,3,5,At-Risk
489,5392,1,229.57,1,1,3,5,At-Risk
530,4390,2,397.23,1,1,3,5,At-Risk
539,5211,1,414.49,1,1,3,5,At-Risk
558,4537,1,382.23,1,1,3,5,At-Risk
560,4320,1,240.83,1,1,3,5,At-Risk
569,4881,1,200.64,1,1,3,5,At-Risk
582,4891,1,381.72,1,1,3,5,At-Risk
615,5063,1,278.06,1,1,3,5,At-Risk
617,5227,2,325.51,1,1,3,5,At-Risk
664,4333,2,349.81,1,1,3,5,At-Risk
675,4943,2,258.96,1,1,3,5,At-Risk
689,4495,4,128.06,1,2,2,5,At-Risk
712,4960,1,488.98,1,1,3,5,At-Risk
730,5045,1,277.71,1,1,3,5,At-Risk
733,5045,1,472.22,1,1,3,5,At-Risk
738,5363,1,313.63,1,1,3,5,At-Risk
740,4874,1,285.49,1,1,3,5,At-Risk
741,5362,1,397.17,1,1,3,5,At-Risk
751,4687,2,431.43,1,1,3,5,At-Risk
770,5268,1,429.33,1,1,3,5,At-Risk
782,5410,1,279.01,1,1,3,5,At-Risk
803,4740,3,127.35,1,2,2,5,At-Risk
807,4722,1,436.29,1,1,3,5,At-Risk
812,4301,1,221.01,1,1,3,5,At-Risk
815,4872,1,392.95,1,1,3,5,At-Risk
843,4264,1,329.83,1,1,3,5,At-Risk
844,4555,1,351.93,1,1,3,5,At-Risk
847,4262,1,240.64,1,1,3,5,At-Risk
850,4600,2,416.53,1,1,3,5,At-Risk
852,4156,2,238.21,1,1,3,5,At-Risk
856,4157,1,268.16,1,1,3,5,At-Risk
860,4193,1,490.63,1,1,3,5,At-Risk
865,5285,2,353.99,1,1,3,5,At-Risk
878,4161,1,360.12,1,1,3,5,At-Risk
924,4285,1,206.82,1,1,3,5,At-Risk
925,4877,2,430.73,1,1,3,5,At-Risk
926,4859,1,406.12,1,1,3,5,At-Risk
936,4957,3,163.43,1,2,2,5,At-Risk
939,4187,1,426.47,1,1,3,5,At-Risk
940,5421,1,396.19,1,1,3,5,At-Risk
957,4778,2,219.68,1,1,3,5,At-Risk
960,4424,2,300.48,1,1,3,5,At-Risk
966,4957,1,342.13,1,1,3,5,At-Risk
969,5030,1,389.46,1,1,3,5,At-Risk
974,4746,1,495.31,1,1,3,5,At-Risk
977,4217,1,375.86,1,1,3,5,At-Risk
980,5312,1,477.2,1,1,3,5,At-Risk
985,4421,1,441.73,1,1,3,5,At-Risk
1000,5272,1,432.44,1,1,3,5,At-Risk
1042,4828,2,476.43,1,1,3,5,At-Risk
1071,4317,4,152.93,1,2,2,5,At-Risk
1092,4150,2,351.41,1,1,3,5,At-Risk
1095,5102,1,214.2,1,1,3,5,At-Risk
1167,4333,1,443.44,1,1,3,5,At-Risk
1192,4717,1,480.37,1,1,3,5,At-Risk
1195,4719,2,334.31,1,1,3,5,At-Risk
1208,4162,3,107.32,1,2,2,5,At-Risk
1221,5036,1,423.3,1,1,3,5,At-Risk
1285,4983,1,273.04,1,1,3,5,At-Risk
1292,4721,1,442.97,1,1,3,5,At-Risk
1311,4896,1,328.32,1,1,3,5,At-Risk
1319,4809,2,217.21,1,1,3,5,At-Risk
1320,4886,1,239.97,1,1,3,5,At-Risk
1325,4295,1,483.15,1,1,3,5,At-Risk
1327,4967,1,335.34,1,1,3,5,At-Risk
1329,4966,1,475.72,1,1,3,5,At-Risk
1343,4428,2,295.89,1,1,3,5,At-Risk
1375,4427,1,468.56,1,1,3,5,At-Risk
1395,4877,1,373.44,1,1,3,5,At-Risk
1399,4590,1,371.39,1,1,3,5,At-Risk
1401,4423,1,311.69,1,1,3,5,At-Risk
1448,4953,1,207.55,1,1,3,5,At-Risk
1451,5090,1,393.66,1,1,3,5,At-Risk
1456,4428,1,395.83,1,1,3,5,At-Risk
1478,4994,1,324.23,1,1,3,5,At-Risk
1491,4365,2,242.54,1,1,3,5,At-Risk
1525,4195,2,246.04,1,1,3,5,At-Risk
1533,4143,3,157.84,1,2,2,5,At-Risk
1542,4897,1,479.33,1,1,3,5,At-Risk
1556,5376,2,211.83,1,1,3,5,At-Risk
1585,4133,2,386.12,1,1,3,5,At-Risk
1593,4155,3,173.59,1,2,2,5,At-Risk
1612,4539,1,281.57,1,1,3,5,At-Risk
1614,5428,1,494.49,1,1,3,5,At-Risk
1626,4398,2,260.82,1,1,3,5,At-Risk
1639,5471,1,214.14,1,1,3,5,At-Risk
1654,4083,4,117.95,1,2,2,5,At-Risk
1673,4995,1,218.3,1,1,3,5,At-Risk
1695,4584,2,406.13,1,1,3,5,At-Risk
1705,4676,3,175.11,1,2,2,5,At-Risk
1713,5086,2,377.38,1,1,3,5,At-Risk
1737,5374,2,472.07,1,1,3,5,At-Risk
1760,4754,1,480.86,1,1,3,5,At-Risk
1800,4155,2,311.3,1,1,3,5,At-Risk
1809,4505,2,453.7,1,1,3,5,At-Risk
1820,4231,2,250.06,1,1,3,5,At-Risk
1823,4759,1,315.33,1,1,3,5,At-Risk
1834,4364,1,239.35,1,1,3,5,At-Risk
1857,4478,1,220.16,1,1,3,5,At-Risk
1861,4769,1,230.16,1,1,3,5,At-Risk
1867,4199,1,220.37,1,1,3,5,At-Risk
1879,4463,1,431.7,1,1,3,5,At-Risk
1884,4279,1,416.69,1,1,3,5,At-Risk
1943,4426,2,319.98,1,1,3,5,At-Risk
1964,4138,1,341.14,1,1,3,5,At-Risk
1993,4585,2,416.07,1,1,3,5,At-Risk
1995,4637,1,252.92,1,1,3,5,At-Risk
2015,4825,2,388.04,1,1,3,5,At-Risk
2042,4177,2,295.02,1,1,3,5,At-Risk
2070,4714,2,226.96,1,1,3,5,At-Risk
2095,4165,1,407.8,1,1,3,5,At-Risk
2098,5150,2,412.43,1,1,3,5,At-Risk
2103,4087,2,324.82,1,1,3,5,At-Risk
2129,4818,1,323.85,1,1,3,5,At-Risk
2137,4236,2,219.64,1,1,3,5,At-Risk
2142,5140,1,377.13,1,1,3,5,At-Risk
2145,5487,1,237.83,1,1,3,5,At-Risk
2169,4250,1,286.59,1,1,3,5,At-Risk
2174,4991,2,346.15,1,1,3,5,At-Risk
2175,4225,1,305.84,1,1,3,5,At-Risk
2176,4986,1,281.98,1,1,3,5,At-Risk
2186,4379,1,227.68,1,1,3,5,At-Risk
2191,4220,2,411.66,1,1,3,5,At-Risk
2195,4440,2,450.04,1,1,3,5,At-Risk
2220,4210,3,194.24,1,2,2,5,At-Risk
2234,4175,1,407.28,1,1,3,5,At-Risk
2247,4911,1,291.82,1,1,3,5,At-Risk
2280,4312,1,308.89,1,1,3,5,At-Risk
2293,4299,1,355.81,1,1,3,5,At-Risk
2298,4254,1,231.23,1,1,3,5,At-Risk
2316,4150,1,415.4,1,1,3,5,At-Risk
2324,4201,1,432.39,1,1,3,5,At-Risk
2377,4952,2,376.77,1,1,3,5,At-Risk
2411,4077,1,402.61,1,1,3,5,At-Risk
2440,5102,1,394.1,1,1,3,5,At-Risk
2448,4649,2,209.68,1,1,3,5,At-Risk
2470,4493,2,314.8,1,1,3,5,At-Risk
2483,4205,2,246.03,1,1,3,5,At-Risk
2488,5247,2,370.1,1,1,3,5,At-Risk
2493,4947,1,273.64,1,1,3,5,At-Risk
2509,5405,1,462.57,1,1,3,5,At-Risk
2513,4308,1,259.55,1,1,3,5,At-Risk
2519,4876,1,439.13,1,1,3,5,At-Risk
2520,5190,1,370.68,1,1,3,5,At-Risk
2532,5161,1,320.13,1,1,3,5,At-Risk
2560,5057,2,207.45,1,1,3,5,At-Risk
2566,4230,1,341.59,1,1,3,5,At-Risk
2596,4197,2,238.06,1,1,3,5,At-Risk
2602,4804,1,431.3,1,1,3,5,At-Risk
2605,5025,1,250.16,1,1,3,5,At-Risk
2611,4872,1,458.05,1,1,3,5,At-Risk
2612,5121,1,316.61,1,1,3,5,At-Risk
2621,5267,1,207.22,1,1,3,5,At-Risk
2628,4103,2,481.19,1,1,3,5,At-Risk
2632,4255,1,493.12,1,1,3,5,At-Risk
2653,5475,2,426.77,1,1,3,5,At-Risk
2658,4419,2,477.72,1,1,3,5,At-Risk
2667,5436,2,493.08,1,1,3,5,At-Risk
2692,4217,1,237.12,1,1,3,5,At-Risk
2738,5425,1,237.77,1,1,3,5,At-Risk
2755,4708,1,472.69,1,1,3,5,At-Risk
2759,4826,1,212.94,1,1,3,5,At-Risk
2760,5416,1,241.97,1,1,3,5,At-Risk
2767,4290,1,302.39,1,1,3,5,At-Risk
2773,4604,3,138.19,1,2,2,5,At-Risk
2816,4135,4,168.3,1,2,2,5,At-Risk
2822,4725,2,265.2,1,1,3,5,At-Risk
2823,5408,1,240.05,1,1,3,5,At-Risk
2881,4097,1,211.98,1,1,3,5,At-Risk
2886,5477,3,174.46,1,2,2,5,At-Risk
2901,4818,1,434.52,1,1,3,5,At-Risk
2933,4650,1,403.33,1,1,3,5,At-Risk
2940,4952,1,357.86,1,1,3,5,At-Risk
2945,4252,4,195.35,1,2,2,5,At-Risk
2989,4840,1,340.12,1,1,3,5,At-Risk
2994,4201,2,220.86,1,1,3,5,At-Risk
3018,5081,1,492.77,1,1,3,5,At-Risk
3023,4403,1,224.54,1,1,3,5,At-Risk
3046,4997,2,275.39,1,1,3,5,At-Risk
3089,4801,2,373.82,1,1,3,5,At-Risk
3110,5007,1,343.57,1,1,3,5,At-Risk
3125,5038,2,256.22,1,1,3,5,At-Risk
3135,4147,1,219.75,1,1,3,5,At-Risk
3166,4409,2,466.85,1,1,3,5,At-Risk
3183,5096,3,154.07,1,2,2,5,At-Risk
3203,4952,2,207.11,1,1,3,5,At-Risk
3297,4443,1,277.31,1,1,3,5,At-Risk
3310,5446,1,369.78,1,1,3,5,At-Risk
3314,5319,1,498.31,1,1,3,5,At-Risk
3316,4765,2,414.6,1,1,3,5,At-Risk
3317,4200,1,487.56,1,1,3,5,At-Risk
3319,5205,1,431.43,1,1,3,5,At-Risk
3322,4773,2,398.7,1,1,3,5,At-Risk
3327,5463,2,383.22,1,1,3,5,At-Risk
3337,4543,1,283.97,1,1,3,5,At-Risk
3339,5181,2,212.89,1,1,3,5,At-Risk
3389,4200,1,305.58,1,1,3,5,At-Risk
29,4403,2,167.95,1,1,2,4,At-Risk
57,4777,1,120.64,1,1,2,4,At-Risk
72,4568,1,120.07,1,1,2,4,At-Risk
74,4453,1,147.26,1,1,2,4,At-Risk
108,4983,1,117.53,1,1,2,4,At-Risk
112,4984,1,168.53,1,1,2,4,At-Risk
137,4499,1,126.47,1,1,2,4,At-Risk
138,4390,1,190.8,1,1,2,4,At-Risk
141,4774,2,155.59,1,1,2,4,At-Risk
149,4895,1,151.29,1,1,2,4,At-Risk
170,5088,1,173.18,1,1,2,4,At-Risk
172,4419,2,158.7,1,1,2,4,At-Risk
190,5305,1,164.71,1,1,2,4,At-Risk
207,4779,1,120.68,1,1,2,4,At-Risk
225,4768,1,105.09,1,1,2,4,At-Risk
233,5477,2,179.27,1,1,2,4,At-Risk
242,4134,2,185.56,1,1,2,4,At-Risk
244,4139,1,168.44,1,1,2,4,At-Risk
279,4617,1,129.73,1,1,2,4,At-Risk
298,4602,1,103.88,1,1,2,4,At-Risk
343,5317,1,111.86,1,1,2,4,At-Risk
353,5389,2,189.6,1,1,2,4,At-Risk
409,5117,1,157.93,1,1,2,4,At-Risk
455,4124,1,118.67,1,1,2,4,At-Risk
457,4125,1,108.81,1,1,2,4,At-Risk
467,5518,1,143.63,1,1,2,4,At-Risk
475,4754,1,114.81,1,1,2,4,At-Risk
493,5327,2,153.87,1,1,2,4,At-Risk
519,4599,2,124.94,1,1,2,4,At-Risk
533,4763,2,174.04,1,1,2,4,At-Risk
565,4726,2,193.14,1,1,2,4,At-Risk
581,4257,1,143.15,1,1,2,4,At-Risk
584,5326,1,116.93,1,1,2,4,At-Risk
589,4258,1,151.08,1,1,2,4,At-Risk
591,4923,1,186.76,1,1,2,4,At-Risk
623,5254,1,136.99,1,1,2,4,At-Risk
643,4248,1,111.93,1,1,2,4,At-Risk
654,5088,1,178.6,1,1,2,4,At-Risk
661,4781,2,135.38,1,1,2,4,At-Risk
678,4135,2,108.28,1,1,2,4,At-Risk
704,4320,1,139.7,1,1,2,4,At-Risk
713,4960,1,133.4,1,1,2,4,At-Risk
724,5455,1,100.38,1,1,2,4,At-Risk
757,4528,2,142.91,1,1,2,4,At-Risk
784,4371,1,160.5,1,1,2,4,At-Risk
820,4288,3,21.57,1,2,1,4,At-Risk
834,4225,1,166.42,1,1,2,4,At-Risk
870,4861,1,134.24,1,1,2,4,At-Risk
873,4328,3,63.47,1,2,1,4,At-Risk
897,4340,1,141.25,1,1,2,4,At-Risk
903,5273,1,116.92,1,1,2,4,At-Risk
931,4233,1,162.88,1,1,2,4,At-Risk
933,4433,1,181.38,1,1,2,4,At-Risk
965,5029,1,113.09,1,1,2,4,At-Risk
978,4155,1,165.04,1,1,2,4,At-Risk
991,4423,1,129.45,1,1,2,4,At-Risk
999,5272,1,127.22,1,1,2,4,At-Risk
1047,5289,1,157.78,1,1,2,4,At-Risk
1052,4750,1,116.14,1,1,2,4,At-Risk
1093,5149,1,192.69,1,1,2,4,At-Risk
1099,4319,1,178.34,1,1,2,4,At-Risk
1107,5204,1,144.33,1,1,2,4,At-Risk
1149,4160,1,138.16,1,1,2,4,At-Risk
1159,5389,1,110.75,1,1,2,4,At-Risk
1161,4510,2,104.77,1,1,2,4,At-Risk
1173,4309,1,160.67,1,1,2,4,At-Risk
1215,4454,1,174.49,1,1,2,4,At-Risk
1218,4443,1,114.72,1,1,2,4,At-Risk
1239,4759,2,118.54,1,1,2,4,At-Risk
1263,4198,1,116.58,1,1,2,4,At-Risk
1269,4573,1,189.22,1,1,2,4,At-Risk
1274,4717,1,116.54,1,1,2,4,At-Risk
1287,4982,1,142.42,1,1,2,4,At-Risk
1300,4698,1,176.66,1,1,2,4,At-Risk
1328,4300,1,101.87,1,1,2,4,At-Risk
1369,5446,1,110.72,1,1,2,4,At-Risk
1374,4274,3,84.83,1,2,1,4,At-Risk
1379,4427,1,124.84,1,1,2,4,At-Risk
1412,4218,2,182.38,1,1,2,4,At-Risk
1452,5027,1,175.07,1,1,2,4,At-Risk
1454,4947,1,157.72,1,1,2,4,At-Risk
1457,4428,1,150.25,1,1,2,4,At-Risk
1523,4189,1,135.69,1,1,2,4,At-Risk
1534,4285,2,113.45,1,1,2,4,At-Risk
1544,4626,2,168.81,1,1,2,4,At-Risk
1582,4391,1,113.98,1,1,2,4,At-Risk
1613,4539,1,171.14,1,1,2,4,At-Risk
1618,5434,1,158.13,1,1,2,4,At-Risk
1649,5473,1,145.12,1,1,2,4,At-Risk
1704,5024,1,120.38,1,1,2,4,At-Risk
1759,4670,1,164.05,1,1,2,4,At-Risk
1794,4497,1,104.3,1,1,2,4,At-Risk
1805,4206,1,111.88,1,1,2,4,At-Risk
1839,4339,1,133.32,1,1,2,4,At-Risk
1845,4291,1,175.59,1,1,2,4,At-Risk
1903,4828,1,109.84,1,1,2,4,At-Risk
1931,4364,2,115.7,1,1,2,4,At-Risk
2029,4172,1,121.29,1,1,2,4,At-Risk
2079,4442,1,155.69,1,1,2,4,At-Risk
2084,4597,1,173.5,1,1,2,4,At-Risk
2109,4598,1,189.77,1,1,2,4,At-Risk
2160,4535,2,198.39,1,1,2,4,At-Risk
2164,5076,3,94.77,1,2,1,4,At-Risk
2166,4765,1,137,1,1,2,4,At-Risk
2171,4452,1,182.35,1,1,2,4,At-Risk
2207,4987,1,142.56,1,1,2,4,At-Risk
2240,4074,2,128.91,1,1,2,4,At-Risk
2244,4422,3,59.54,1,2,1,4,At-Risk
2261,4205,2,137.33,1,1,2,4,At-Risk
2262,4392,1,164.11,1,1,2,4,At-Risk
2294,4300,1,198.06,1,1,2,4,At-Risk
2295,4189,1,138.19,1,1,2,4,At-Risk
2301,4433,1,107.35,1,1,2,4,At-Risk
2314,4297,1,183.67,1,1,2,4,At-Risk
2321,4880,1,128.9,1,1,2,4,At-Risk
2335,4544,1,125.35,1,1,2,4,At-Risk
2339,4674,2,154.29,1,1,2,4,At-Risk
2353,5226,2,167.12,1,1,2,4,At-Risk
2368,4542,2,195.35,1,1,2,4,At-Risk
2384,4159,1,100.6,1,1,2,4,At-Risk
2388,4421,1,129.12,1,1,2,4,At-Risk
2416,4106,1,129.88,1,1,2,4,At-Risk
2434,4998,1,191.85,1,1,2,4,At-Risk
2444,5107,1,112.67,1,1,2,4,At-Risk
2445,4256,1,108.46,1,1,2,4,At-Risk
2492,4217,1,142.24,1,1,2,4,At-Risk
2494,4776,1,106.28,1,1,2,4,At-Risk
2511,4916,1,113.87,1,1,2,4,At-Risk
2512,5362,1,125.37,1,1,2,4,At-Risk
2516,5189,1,190.85,1,1,2,4,At-Risk
2518,4874,1,103.34,1,1,2,4,At-Risk
2523,4916,1,165.34,1,1,2,4,At-Risk
2535,4077,1,146.13,1,1,2,4,At-Risk
2558,4234,2,152.83,1,1,2,4,At-Risk
2569,4708,4,92.9,1,2,1,4,At-Risk
2608,4131,1,166.62,1,1,2,4,At-Risk
2614,4867,1,131.08,1,1,2,4,At-Risk
2672,5143,1,155.51,1,1,2,4,At-Risk
2727,4127,1,142.83,1,1,2,4,At-Risk
2734,4636,1,125.41,1,1,2,4,At-Risk
2735,4638,1,112.47,1,1,2,4,At-Risk
2749,4206,2,175.02,1,1,2,4,At-Risk
2764,5418,1,120.81,1,1,2,4,At-Risk
2788,4953,1,115.36,1,1,2,4,At-Risk
2810,4861,1,117.19,1,1,2,4,At-Risk
2815,4769,2,124.13,1,1,2,4,At-Risk
2819,4427,1,189.24,1,1,2,4,At-Risk
2862,5428,1,110.71,1,1,2,4,At-Risk
2939,4952,1,184.77,1,1,2,4,At-Risk
2996,4281,1,125,1,1,2,4,At-Risk
3019,4514,1,112.88,1,1,2,4,At-Risk
3032,4071,2,167.15,1,1,2,4,At-Risk
3044,4724,2,191.1,1,1,2,4,At-Risk
3050,4541,1,150.79,1,1,2,4,At-Risk
3054,4179,1,156.24,1,1,2,4,At-Risk
3057,4658,1,126.01,1,1,2,4,At-Risk
3068,4614,2,145.14,1,1,2,4,At-Risk
3173,4388,1,147.61,1,1,2,4,At-Risk
3198,4883,1,143.42,1,1,2,4,At-Risk
3217,4202,1,105.69,1,1,2,4,At-Risk
3255,4103,2,179.11,1,1,2,4,At-Risk
3288,4636,1,115.4,1,1,2,4,At-Risk
3291,4435,1,141.29,1,1,2,4,At-Risk
3293,4895,1,165.99,1,1,2,4,At-Risk
3308,4842,1,189.82,1,1,2,4,At-Risk
3312,4777,1,142.52,1,1,2,4,At-Risk
3335,4166,1,129.86,1,1,2,4,At-Risk
3369,4390,3,61.21,1,2,1,4,At-Risk
2,4649,1,5.9,1,1,1,3,At-Risk
12,4743,1,90.39,1,1,1,3,At-Risk
17,4701,2,46.93,1,1,1,3,At-Risk
31,4574,1,99.56,1,1,1,3,At-Risk
37,4465,1,62.59,1,1,1,3,At-Risk
40,4352,1,30.96,1,1,1,3,At-Risk
77,4696,1,64.83,1,1,1,3,At-Risk
78,4697,1,45.11,1,1,1,3,At-Risk
98,4328,1,27.85,1,1,1,3,At-Risk
99,5109,1,42.07,1,1,1,3,At-Risk
104,5110,1,57.87,1,1,1,3,At-Risk
105,4379,1,80.79,1,1,1,3,At-Risk
106,5096,1,41.06,1,1,1,3,At-Risk
109,5356,1,11.13,1,1,1,3,At-Risk
110,5110,1,48.44,1,1,1,3,At-Risk
113,5096,1,32.62,1,1,1,3,At-Risk
116,4328,1,5.1,1,1,1,3,At-Risk
126,4191,2,90.5,1,1,1,3,At-Risk
139,4432,1,30.28,1,1,1,3,At-Risk
143,4774,1,24.27,1,1,1,3,At-Risk
144,5376,1,64.4,1,1,1,3,At-Risk
147,4280,1,12.98,1,1,1,3,At-Risk
148,4596,1,61.03,1,1,1,3,At-Risk
157,4396,2,25,1,1,1,3,At-Risk
171,5425,1,3.42,1,1,1,3,At-Risk
174,4942,2,73.33,1,1,1,3,At-Risk
182,4717,1,31.36,1,1,1,3,At-Risk
185,4784,1,11.41,1,1,1,3,At-Risk
187,5085,1,94.28,1,1,1,3,At-Risk
195,4364,2,61.23,1,1,1,3,At-Risk
208,4372,1,11.7,1,1,1,3,At-Risk
224,4748,1,17.39,1,1,1,3,At-Risk
226,4302,1,73.67,1,1,1,3,At-Risk
227,4768,1,20.66,1,1,1,3,At-Risk
264,4305,1,99.43,1,1,1,3,At-Risk
275,5324,1,61.52,1,1,1,3,At-Risk
276,5388,1,8.3,1,1,1,3,At-Risk
277,4271,1,12.55,1,1,1,3,At-Risk
278,4618,1,26.91,1,1,1,3,At-Risk
280,4754,1,33.17,1,1,1,3,At-Risk
281,4713,1,4.57,1,1,1,3,At-Risk
283,5178,1,18.71,1,1,1,3,At-Risk
299,4911,1,29.22,1,1,1,3,At-Risk
300,4211,1,10.08,1,1,1,3,At-Risk
315,5451,1,43.08,1,1,1,3,At-Risk
319,4299,1,44.47,1,1,1,3,At-Risk
321,5248,1,89.76,1,1,1,3,At-Risk
340,4093,1,9.41,1,1,1,3,At-Risk
344,5220,1,18.49,1,1,1,3,At-Risk
346,4366,1,43.49,1,1,1,3,At-Risk
348,4386,1,13.53,1,1,1,3,At-Risk
350,4695,1,31.5,1,1,1,3,At-Risk
371,5381,1,51.82,1,1,1,3,At-Risk
372,4506,1,78.94,1,1,1,3,At-Risk
405,4346,1,62.72,1,1,1,3,At-Risk
406,5388,1,72.76,1,1,1,3,At-Risk
412,5030,1,72.25,1,1,1,3,At-Risk
419,5147,1,23.08,1,1,1,3,At-Risk
422,4147,1,3.17,1,1,1,3,At-Risk
426,4350,1,75.32,1,1,1,3,At-Risk
432,4531,1,93.53,1,1,1,3,At-Risk
435,4528,1,22.7,1,1,1,3,At-Risk
440,4082,1,56.82,1,1,1,3,At-Risk
441,5002,1,59.05,1,1,1,3,At-Risk
456,4272,1,8.49,1,1,1,3,At-Risk
458,4298,1,17.15,1,1,1,3,At-Risk
459,5003,1,82.23,1,1,1,3,At-Risk
468,5518,1,73.04,1,1,1,3,At-Risk
469,5517,1,33.35,1,1,1,3,At-Risk
470,5519,1,60.24,1,1,1,3,At-Risk
474,5012,1,9.6,1,1,1,3,At-Risk
487,5391,1,20.87,1,1,1,3,At-Risk
488,5390,1,25.7,1,1,1,3,At-Risk
501,4213,1,71.52,1,1,1,3,At-Risk
512,4702,1,49.86,1,1,1,3,At-Risk
516,4703,1,9.55,1,1,1,3,At-Risk
531,4332,1,15.04,1,1,1,3,At-Risk
577,5092,1,88.59,1,1,1,3,At-Risk
579,5395,1,25.06,1,1,1,3,At-Risk
588,5091,1,36.31,1,1,1,3,At-Risk
599,4986,1,68.37,1,1,1,3,At-Risk
621,5472,1,31.46,1,1,1,3,At-Risk
624,5256,1,99.36,1,1,1,3,At-Risk
626,4866,1,65.29,1,1,1,3,At-Risk
632,4417,2,23.75,1,1,1,3,At-Risk
633,4716,1,85.22,1,1,1,3,At-Risk
648,5357,1,34.11,1,1,1,3,At-Risk
657,5509,1,19.73,1,1,1,3,At-Risk
683,4547,2,94.15,1,1,1,3,At-Risk
700,5205,1,87.89,1,1,1,3,At-Risk
703,4814,1,22.1,1,1,1,3,At-Risk
706,4320,1,24.51,1,1,1,3,At-Risk
707,4580,1,31.02,1,1,1,3,At-Risk
710,4222,1,60.03,1,1,1,3,At-Risk
711,5371,1,40.37,1,1,1,3,At-Risk
714,4276,1,51.72,1,1,1,3,At-Risk
725,4874,1,31.97,1,1,1,3,At-Risk
726,5043,1,45.69,1,1,1,3,At-Risk
727,5455,1,66.32,1,1,1,3,At-Risk
729,4457,1,97.06,1,1,1,3,At-Risk
732,4455,1,99.99,1,1,1,3,At-Risk
735,4566,1,40.4,1,1,1,3,At-Risk
742,4557,1,9.67,1,1,1,3,At-Risk
768,4822,1,34.88,1,1,1,3,At-Risk
775,4373,1,36.42,1,1,1,3,At-Risk
777,4933,1,35.73,1,1,1,3,At-Risk
778,4930,1,73.14,1,1,1,3,At-Risk
780,4499,1,53.02,1,1,1,3,At-Risk
788,4371,1,38.51,1,1,1,3,At-Risk
791,4742,1,10.22,1,1,1,3,At-Risk
810,5136,1,20.35,1,1,1,3,At-Risk
814,4933,1,64.37,1,1,1,3,At-Risk
817,4934,1,92.26,1,1,1,3,At-Risk
822,4102,1,82.02,1,1,1,3,At-Risk
827,5200,1,21.93,1,1,1,3,At-Risk
836,4318,1,41.53,1,1,1,3,At-Risk
841,4555,1,4.44,1,1,1,3,At-Risk
842,4132,1,62.48,1,1,1,3,At-Risk
854,5224,1,39.26,1,1,1,3,At-Risk
857,4157,2,74.57,1,1,1,3,At-Risk
858,5224,1,64.89,1,1,1,3,At-Risk
859,4193,1,18.21,1,1,1,3,At-Risk
884,4298,1,67.83,1,1,1,3,At-Risk
892,4294,1,42.25,1,1,1,3,At-Risk
902,4179,1,46.53,1,1,1,3,At-Risk
905,4364,1,11.71,1,1,1,3,At-Risk
927,4434,1,80.62,1,1,1,3,At-Risk
928,5150,1,36,1,1,1,3,At-Risk
930,4338,1,59,1,1,1,3,At-Risk
932,4860,1,65.47,1,1,1,3,At-Risk
934,4860,1,60.81,1,1,1,3,At-Risk
942,4871,1,34.11,1,1,1,3,At-Risk
947,5336,1,72.11,1,1,1,3,At-Risk
953,4369,1,5.46,1,1,1,3,At-Risk
964,4709,1,22.35,1,1,1,3,At-Risk
968,4440,1,94.47,1,1,1,3,At-Risk
975,5248,1,8.8,1,1,1,3,At-Risk
976,4747,1,43.84,1,1,1,3,At-Risk
986,4774,1,25,1,1,1,3,At-Risk
995,5211,1,72.83,1,1,1,3,At-Risk
996,4549,1,36.16,1,1,1,3,At-Risk
997,5501,1,63.66,1,1,1,3,At-Risk
1008,5383,1,25.37,1,1,1,3,At-Risk
1010,5155,1,29.1,1,1,1,3,At-Risk
1011,4247,1,14.17,1,1,1,3,At-Risk
1012,4569,1,98.61,1,1,1,3,At-Risk
1022,4132,1,99.97,1,1,1,3,At-Risk
1045,4912,1,62.5,1,1,1,3,At-Risk
1046,4718,1,85.72,1,1,1,3,At-Risk
1049,4347,1,46.85,1,1,1,3,At-Risk
1058,4545,1,38.15,1,1,1,3,At-Risk
1061,4425,1,52.91,1,1,1,3,At-Risk
1077,4306,1,63.22,1,1,1,3,At-Risk
1102,4825,2,19.45,1,1,1,3,At-Risk
1110,4557,1,38.82,1,1,1,3,At-Risk
1128,5169,1,55.97,1,1,1,3,At-Risk
1130,4720,2,30.87,1,1,1,3,At-Risk
1148,4598,1,23.77,1,1,1,3,At-Risk
1150,4434,1,93.41,1,1,1,3,At-Risk
1152,4435,1,18.37,1,1,1,3,At-Risk
1158,4681,1,15.13,1,1,1,3,At-Risk
1163,5132,1,83.3,1,1,1,3,At-Risk
1164,4333,1,16.43,1,1,1,3,At-Risk
1168,4741,1,3.99,1,1,1,3,At-Risk
1174,4728,1,22.74,1,1,1,3,At-Risk
1175,4320,1,9.89,1,1,1,3,At-Risk
1181,4100,1,72.97,1,1,1,3,At-Risk
1188,5003,1,71.41,1,1,1,3,At-Risk
1191,5164,1,88.84,1,1,1,3,At-Risk
1196,5149,1,18.8,1,1,1,3,At-Risk
1198,4337,1,6.74,1,1,1,3,At-Risk
1199,5290,1,75.17,1,1,1,3,At-Risk
1204,5152,1,74.91,1,1,1,3,At-Risk
1209,4392,1,61.1,1,1,1,3,At-Risk
1219,4124,1,66.39,1,1,1,3,At-Risk
1224,4127,1,16.71,1,1,1,3,At-Risk
1225,4634,1,63.59,1,1,1,3,At-Risk
1226,5410,1,66.74,1,1,1,3,At-Risk
1272,4834,1,21.63,1,1,1,3,At-Risk
1273,4089,1,92.27,1,1,1,3,At-Risk
1275,4089,1,49.77,1,1,1,3,At-Risk
1277,4088,1,14.02,1,1,1,3,At-Risk
1288,4198,1,64.13,1,1,1,3,At-Risk
1289,4633,1,10.48,1,1,1,3,At-Risk
1290,4132,1,22.85,1,1,1,3,At-Risk
1309,5044,1,29.74,1,1,1,3,At-Risk
1322,4901,1,29.65,1,1,1,3,At-Risk
1323,4966,1,65.7,1,1,1,3,At-Risk
1330,4417,1,83.05,1,1,1,3,At-Risk
1331,4183,1,37.89,1,1,1,3,At-Risk
1332,4300,1,83.68,1,1,1,3,At-Risk
1335,4596,1,31.74,1,1,1,3,At-Risk
1337,4601,1,54.59,1,1,1,3,At-Risk
1355,4956,1,27.48,1,1,1,3,At-Risk
1376,5032,1,49.09,1,1,1,3,At-Risk
1380,5162,1,26.18,1,1,1,3,At-Risk
1393,4270,1,87.79,1,1,1,3,At-Risk
1394,4868,1,67.43,1,1,1,3,At-Risk
1396,4589,1,36.13,1,1,1,3,At-Risk
1398,4958,1,18.16,1,1,1,3,At-Risk
1406,4150,2,59.42,1,1,1,3,At-Risk
1414,4389,1,3.32,1,1,1,3,At-Risk
1455,4427,1,48.35,1,1,1,3,At-Risk
1475,4852,1,71.41,1,1,1,3,At-Risk
1515,4372,1,86.87,1,1,1,3,At-Risk
1521,4118,1,31.7,1,1,1,3,At-Risk
1579,4405,1,20.83,1,1,1,3,At-Risk
1580,5298,1,14.53,1,1,1,3,At-Risk
1584,4673,1,68.14,1,1,1,3,At-Risk
1588,4343,2,68.49,1,1,1,3,At-Risk
1600,4658,1,35.22,1,1,1,3,At-Risk
1604,4208,1,37.52,1,1,1,3,At-Risk
1611,4541,1,84.48,1,1,1,3,At-Risk
1642,4189,1,10.24,1,1,1,3,At-Risk
1646,4317,2,37.29,1,1,1,3,At-Risk
1651,5058,1,67.29,1,1,1,3,At-Risk
1681,4609,2,80.36,1,1,1,3,At-Risk
1692,5506,1,37.89,1,1,1,3,At-Risk
1716,4394,1,21.9,1,1,1,3,At-Risk
1743,4888,2,59.45,1,1,1,3,At-Risk
1746,4242,1,84.29,1,1,1,3,At-Risk
1756,4096,1,51.52,1,1,1,3,At-Risk
1757,4670,1,70.07,1,1,1,3,At-Risk
1762,4718,1,37.87,1,1,1,3,At-Risk
1803,4422,1,3.86,1,1,1,3,At-Risk
1813,4509,2,93.32,1,1,1,3,At-Risk
1838,4338,1,56.7,1,1,1,3,At-Risk
1846,4288,1,16.3,1,1,1,3,At-Risk
1855,4855,1,58.67,1,1,1,3,At-Risk
1860,5362,1,28.01,1,1,1,3,At-Risk
1862,4791,1,40.47,1,1,1,3,At-Risk
1866,4623,1,70.36,1,1,1,3,At-Risk
1877,4264,1,7.11,1,1,1,3,At-Risk
1881,4280,1,6.06,1,1,1,3,At-Risk
1882,5284,1,11.35,1,1,1,3,At-Risk
1883,4463,1,20.17,1,1,1,3,At-Risk
1886,4312,1,74.14,1,1,1,3,At-Risk
1896,4640,2,63.89,1,1,1,3,At-Risk
1898,4386,1,53.24,1,1,1,3,At-Risk
1899,4828,1,70.64,1,1,1,3,At-Risk
1900,4828,1,7.12,1,1,1,3,At-Risk
1923,4992,1,13.91,1,1,1,3,At-Risk
1924,4986,1,81.87,1,1,1,3,At-Risk
1930,4908,1,53.11,1,1,1,3,At-Risk
1933,4544,2,86.04,1,1,1,3,At-Risk
1981,4978,1,29.63,1,1,1,3,At-Risk
2009,4326,1,14.68,1,1,1,3,At-Risk
2027,5143,1,38.75,1,1,1,3,At-Risk
2065,4602,1,46.85,1,1,1,3,At-Risk
2077,4801,1,73.5,1,1,1,3,At-Risk
2078,4802,1,86.3,1,1,1,3,At-Risk
2080,4801,1,98.53,1,1,1,3,At-Risk
2104,4087,1,76.42,1,1,1,3,At-Risk
2123,4327,2,24.42,1,1,1,3,At-Risk
2125,4446,1,84.99,1,1,1,3,At-Risk
2158,4087,1,8.24,1,1,1,3,At-Risk
2165,5519,1,16.03,1,1,1,3,At-Risk
2167,4765,1,96.14,1,1,1,3,At-Risk
2172,4451,1,43.15,1,1,1,3,At-Risk
2178,5320,1,25.35,1,1,1,3,At-Risk
2179,4959,1,43.48,1,1,1,3,At-Risk
2187,5400,1,86.8,1,1,1,3,At-Risk
2201,5260,1,27.96,1,1,1,3,At-Risk
2221,4287,2,90.03,1,1,1,3,At-Risk
2233,4175,1,23.7,1,1,1,3,At-Risk
2235,5119,1,19.01,1,1,1,3,At-Risk
2236,5119,1,57.96,1,1,1,3,At-Risk
2241,4693,2,44.41,1,1,1,3,At-Risk
2253,4792,1,50.75,1,1,1,3,At-Risk
2269,4236,1,62,1,1,1,3,At-Risk
2272,5269,1,78.08,1,1,1,3,At-Risk
2283,5504,1,76.87,1,1,1,3,At-Risk
2299,4391,1,27.63,1,1,1,3,At-Risk
2306,4718,1,67.55,1,1,1,3,At-Risk
2310,4565,1,82.05,1,1,1,3,At-Risk
2312,4564,1,11.81,1,1,1,3,At-Risk
2317,4744,1,5.58,1,1,1,3,At-Risk
2319,5124,1,37.92,1,1,1,3,At-Risk
2327,4199,1,63.54,1,1,1,3,At-Risk
2348,4880,1,48.02,1,1,1,3,At-Risk
2350,4644,1,89.88,1,1,1,3,At-Risk
2361,4377,2,87.4,1,1,1,3,At-Risk
2401,4625,1,14.49,1,1,1,3,At-Risk
2402,4737,1,4.69,1,1,1,3,At-Risk
2407,4738,1,15.48,1,1,1,3,At-Risk
2425,4578,1,3.44,1,1,1,3,At-Risk
2435,4998,1,47.96,1,1,1,3,At-Risk
2458,5201,2,58.3,1,1,1,3,At-Risk
2467,5024,1,54.39,1,1,1,3,At-Risk
2478,4159,1,78.66,1,1,1,3,At-Risk
2495,5130,2,73.01,1,1,1,3,At-Risk
2497,4921,2,70.28,1,1,1,3,At-Risk
2506,5189,1,10.72,1,1,1,3,At-Risk
2508,5337,1,42.44,1,1,1,3,At-Risk
2510,4875,1,57.78,1,1,1,3,At-Risk
2514,4443,1,82.01,1,1,1,3,At-Risk
2515,4560,1,9.96,1,1,1,3,At-Risk
2529,4917,1,28.46,1,1,1,3,At-Risk
2538,4160,1,12.86,1,1,1,3,At-Risk
2544,4341,2,62.94,1,1,1,3,At-Risk
2553,4378,2,93.76,1,1,1,3,At-Risk
2562,4994,1,64.63,1,1,1,3,At-Risk
2575,4472,1,86.83,1,1,1,3,At-Risk
2589,4093,2,88.96,1,1,1,3,At-Risk
2591,4138,1,75.62,1,1,1,3,At-Risk
2594,5028,1,20.77,1,1,1,3,At-Risk
2599,4493,1,63.31,1,1,1,3,At-Risk
2601,5261,1,42.02,1,1,1,3,At-Risk
2607,4519,1,54.28,1,1,1,3,At-Risk
2610,5122,2,57.71,1,1,1,3,At-Risk
2613,5325,1,68.45,1,1,1,3,At-Risk
2661,4722,1,12.45,1,1,1,3,At-Risk
2662,4721,1,7.97,1,1,1,3,At-Risk
2663,4174,1,63.35,1,1,1,3,At-Risk
2664,4174,1,81.06,1,1,1,3,At-Risk
2680,4543,1,51.19,1,1,1,3,At-Risk
2683,4596,1,6.73,1,1,1,3,At-Risk
2688,4416,1,51.06,1,1,1,3,At-Risk
2689,5220,1,74.23,1,1,1,3,At-Risk
2690,4296,1,11.46,1,1,1,3,At-Risk
2691,4416,1,14.53,1,1,1,3,At-Risk
2694,5151,1,80.58,1,1,1,3,At-Risk
2706,4288,1,42.44,1,1,1,3,At-Risk
2717,5115,1,37.86,1,1,1,3,At-Risk
2736,4222,1,42.17,1,1,1,3,At-Risk
2761,5133,1,12.59,1,1,1,3,At-Risk
2765,5380,1,41.4,1,1,1,3,At-Risk
2804,4232,1,35.9,1,1,1,3,At-Risk
2807,4963,1,48.05,1,1,1,3,At-Risk
2808,4233,1,10.22,1,1,1,3,At-Risk
2830,5114,1,10.94,1,1,1,3,At-Risk
2838,4612,1,11.08,1,1,1,3,At-Risk
2844,4406,1,88.35,1,1,1,3,At-Risk
2853,4329,2,66.59,1,1,1,3,At-Risk
2871,4953,1,32.02,1,1,1,3,At-Risk
2922,4838,2,29.89,1,1,1,3,At-Risk
2930,5009,1,59.74,1,1,1,3,At-Risk
2932,5234,1,55.43,1,1,1,3,At-Risk
2934,4590,1,32.25,1,1,1,3,At-Risk
2935,5395,1,20.46,1,1,1,3,At-Risk
2936,4303,1,71.21,1,1,1,3,At-Risk
2937,4651,1,49.24,1,1,1,3,At-Risk
2941,5383,1,21.41,1,1,1,3,At-Risk
2944,5280,1,59.75,1,1,1,3,At-Risk
2972,4550,2,98.55,1,1,1,3,At-Risk
2983,4938,1,6.4,1,1,1,3,At-Risk
3013,4163,2,77.85,1,1,1,3,At-Risk
3020,4512,1,40.7,1,1,1,3,At-Risk
3034,4414,1,54.81,1,1,1,3,At-Risk
3051,4320,1,47.26,1,1,1,3,At-Risk
3055,4658,1,20.01,1,1,1,3,At-Risk
3056,4657,1,77.61,1,1,1,3,At-Risk
3058,4656,1,67.22,1,1,1,3,At-Risk
3071,4430,1,57.35,1,1,1,3,At-Risk
3091,4649,1,67.18,1,1,1,3,At-Risk
3101,4584,1,99.89,1,1,1,3,At-Risk
3104,4268,1,55.64,1,1,1,3,At-Risk
3114,4179,1,8.84,1,1,1,3,At-Risk
3138,5175,1,92.57,1,1,1,3,At-Risk
3142,4266,2,35.17,1,1,1,3,At-Risk
3143,5446,1,33.84,1,1,1,3,At-Risk
3160,4409,1,77.17,1,1,1,3,At-Risk
3170,5486,1,83.14,1,1,1,3,At-Risk
3174,4387,1,30.03,1,1,1,3,At-Risk
3190,4603,1,9.34,1,1,1,3,At-Risk
3205,5437,1,56.4,1,1,1,3,At-Risk
3241,4723,2,97.06,1,1,1,3,At-Risk
3243,5369,1,24.44,1,1,1,3,At-Risk
3245,4443,1,38.51,1,1,1,3,At-Risk
3246,5256,1,21.86,1,1,1,3,At-Risk
3247,5033,1,17.63,1,1,1,3,At-Risk
3250,4135,1,10.51,1,1,1,3,At-Risk
3259,4979,1,14.89,1,1,1,3,At-Risk
3264,5389,1,52.09,1,1,1,3,At-Risk
3268,4616,1,51.3,1,1,1,3,At-Risk
3270,5019,1,98.3,1,1,1,3,At-Risk
3290,4553,1,74.16,1,1,1,3,At-Risk
3292,4733,1,33.55,1,1,1,3,At-Risk
3296,4859,1,59.76,1,1,1,3,At-Risk
3306,5437,1,17.62,1,1,1,3,At-Risk
3307,5316,1,80.58,1,1,1,3,At-Risk
3309,5445,1,25.31,1,1,1,3,At-Risk
3311,5318,1,57.14,1,1,1,3,At-Risk
3315,4200,1,55.82,1,1,1,3,At-Risk
3348,4368,1,47.53,1,1,1,3,At-Risk
3364,4731,1,5.81,1,1,1,3,At-Risk
3384,5018,1,39.1,1,1,1,3,At-Risk
3390,4689,1,10.27,1,1,1,3,At-Risk
3391,4423,1,34.37,1,1,1,3,At-Risk
